Timestamp,X Coordinate Difference,Y Coordinate Difference
13:57:15.967632,0.0078035444021224976,0.0011751502752304077
13:57:15.995655,0.006032347679138184,0.0016109049320220947
13:57:16.025890,0.003999486565589905,0.004350006580352783
13:57:16.091776,0.0029836446046829224,0.001259833574295044
13:57:16.135136,0.002753138542175293,-0.0006119012832641602
13:57:16.287955,0.001228034496307373,0.0011480152606964111
13:57:16.412885,0.0009407848119735718,0.002202451229095459
13:57:16.457145,0.0006264448165893555,0.0013813674449920654
13:57:16.865029,-0.0012040436267852783,0.0009173452854156494
13:57:17.625240,0.0005122870206832886,-0.002626955509185791
13:57:18.465616,0.0005991160869598389,0.0005825161933898926
13:57:19.351874,-0.0008710622787475586,0.0036838650703430176
13:57:19.559210,-0.0005899220705032349,-0.001286536455154419
13:57:19.681338,-0.0009942799806594849,-0.0011081099510192871
13:57:20.643004,-0.0010156482458114624,0.0005823075771331787
13:57:21.216146,0.0006956756114959717,-0.000897526741027832
13:57:21.420029,-0.0009116828441619873,0.001253962516784668
13:57:22.878154,0.0007366538047790527,-0.0008805990219116211
13:57:22.992767,-0.0006022453308105469,0.0010480880737304688
13:57:23.500560,-0.0009041428565979004,-0.0031337738037109375
13:57:23.692703,-0.0006583631038665771,-0.002704232931137085
13:57:24.124897,0.0006196945905685425,-0.001402348279953003
13:57:24.305235,0.001042380928993225,-0.003200441598892212
13:57:25.305753,-0.0006895512342453003,0.0005758404731750488
13:57:25.424141,-0.001087576150894165,-0.000575333833694458
13:57:25.780483,-0.000940278172492981,0.0012796223163604736
13:57:26.339514,0.000628933310508728,-0.0018529891967773438
13:57:26.988832,0.0007168054580688477,-0.0012442469596862793
13:57:28.336964,0.0005932897329330444,-0.000757366418838501
13:57:29.582175,-0.0006402134895324707,0.000633925199508667
13:57:29.660659,-0.0015195012092590332,0.0021484792232513428
13:57:30.317731,0.0007475167512893677,0.0007078647613525391
13:57:31.966837,-0.0016544312238693237,0.0007471740245819092
13:57:32.120713,-0.0005073249340057373,0.0009642839431762695
13:57:32.189020,0.0011745989322662354,-0.0019957423210144043
13:57:32.799176,-0.0017123222351074219,0.0007238388061523438
13:57:32.829753,-0.0005405545234680176,0.0006302595138549805
13:57:33.153495,-0.0014750808477401733,-0.0006220638751983643
13:57:33.471485,0.002339467406272888,-0.0017702281475067139
13:57:33.604390,-0.0009332746267318726,-0.002576291561126709
13:57:33.845872,-0.0013048648834228516,-0.001193314790725708
13:57:33.936903,-0.0022275298833847046,-0.0007465481758117676
13:57:34.124071,0.0007829070091247559,0.0011868029832839966
13:57:34.422642,0.0010912418365478516,0.0015462636947631836
13:57:34.492344,0.0014873743057250977,-0.0008071660995483398
13:57:34.574928,0.0013377964496612549,-0.0005797743797302246
13:57:34.610193,0.0015150010585784912,-0.0005982518196105957
13:57:34.787847,0.0013448148965835571,-0.0014534294605255127
13:57:35.549620,-0.0011429190635681152,0.0010741651058197021
13:57:35.584523,0.003025934100151062,0.0007558763027191162
13:57:35.616910,0.0006615668535232544,0.0008131861686706543
13:57:35.649476,0.0015165209770202637,0.002154141664505005
13:57:35.912770,-0.002780526876449585,0.0014927089214324951
13:57:35.992656,-0.0005866289138793945,0.0010114610195159912
13:57:36.405772,0.0005610734224319458,0.0018149018287658691
13:57:36.439647,0.0011830925941467285,0.0008210241794586182
13:57:37.084862,0.0009300559759140015,-0.0006552338600158691
13:57:37.569462,0.0006566047668457031,-0.0006354749202728271
13:57:37.778667,0.0007215589284896851,-0.000647127628326416
13:57:38.144918,0.0014692693948745728,-0.0013924837112426758
13:57:38.221322,-0.0016868114471435547,-0.0006335079669952393
13:57:38.482708,-0.0008784085512161255,-0.0006088316440582275
13:57:39.284428,0.0008412003517150879,0.0006066262722015381
13:57:39.927067,-0.0016795843839645386,-0.002704709768295288
13:57:41.428744,-0.0008780509233474731,0.0008531510829925537
13:57:41.467347,-0.0012096017599105835,0.0006099343299865723
13:57:41.545314,-0.0007364004850387573,0.0015395283699035645
13:57:41.730725,-0.0006466209888458252,0.0007379353046417236
13:57:41.848097,0.0007876604795455933,-0.0007365643978118896
13:57:42.067071,0.001727774739265442,-0.0018686950206756592
13:57:42.533758,0.0017277449369430542,-0.0008063614368438721
13:57:42.969619,-0.0005496889352798462,0.0015271306037902832
13:57:43.125865,-0.002644568681716919,0.0007137060165405273
13:57:43.163876,-0.001278609037399292,0.0006556212902069092
13:57:43.419508,0.0009962767362594604,-0.0006524920463562012
13:57:43.500174,-0.001255035400390625,0.0007160305976867676
13:57:43.885344,0.0009484440088272095,-0.001486063003540039
13:57:43.976198,0.001033589243888855,-0.0012803375720977783
13:57:45.164356,-0.0008641630411148071,0.0011146068572998047
13:57:45.272204,-0.000540509819984436,0.0006425678730010986
13:57:45.382136,0.000636368989944458,0.0006057620048522949
13:57:46.179924,-0.0007554292678833008,0.000878065824508667
13:57:46.471619,-0.0010627955198287964,-0.0008997619152069092
13:57:46.900216,-0.0008403360843658447,-0.0006190240383148193
13:57:47.076214,0.0006105154752731323,0.0005458593368530273
13:57:47.146765,0.000542864203453064,-0.0019724667072296143
13:57:48.533668,0.0005155354738235474,-0.0005350112915039062
13:57:49.111543,0.0008571594953536987,-0.0012234747409820557
13:57:49.499729,0.000527992844581604,0.0005439817905426025
13:57:49.840127,-0.0006839781999588013,-0.0011259019374847412
13:57:50.283175,-0.0005813539028167725,0.0005404353141784668
13:57:53.444590,-0.0007911324501037598,-0.0006533563137054443
13:57:54.393297,-0.0007444173097610474,0.0017918050289154053
13:57:55.024708,0.0011576265096664429,-0.001265883445739746
13:57:55.324970,0.0012770742177963257,-0.0009836852550506592
13:57:55.471186,-0.001637086272239685,0.0010793805122375488
13:57:55.761853,0.0018720775842666626,-0.0008667111396789551
13:57:57.065521,0.0018697232007980347,-0.004594683647155762
13:57:57.619893,0.0005048215389251709,0.0008630752563476562
13:57:57.757635,-0.000521242618560791,0.0005523264408111572
13:57:58.359054,-0.0010701864957809448,0.0015031695365905762
13:57:58.727914,0.0020991265773773193,-0.0010333657264709473
13:57:59.128200,0.0012518316507339478,-0.0008738040924072266
13:57:59.207118,-0.0013615041971206665,0.000812530517578125
13:57:59.271449,-0.0007947385311126709,0.0027213096618652344
13:57:59.346187,0.0006278157234191895,-0.0008730292320251465
13:57:59.452522,0.0007809698581695557,-0.0005193054676055908
13:57:59.624803,-0.0015595704317092896,0.002828270196914673
13:57:59.731734,0.0025106221437454224,-0.0010912418365478516
13:57:59.974640,0.002615705132484436,-0.0031570792198181152
13:58:00.173251,-0.0017761588096618652,0.0023936033248901367
13:58:00.535835,-0.0011776238679885864,0.0008334815502166748
13:58:00.571515,-0.0023741722106933594,0.002067655324935913
13:58:00.675678,0.0005561560392379761,-0.0034392178058624268
13:58:00.768739,-0.0012952536344528198,0.0006667971611022949
13:58:00.799823,0.0010786056518554688,-0.0006446540355682373
13:58:01.260489,0.0008058995008468628,0.0009323954582214355
13:58:01.419888,0.001118674874305725,-0.0015482008457183838
13:58:01.524217,-0.000734969973564148,0.0007097721099853516
13:58:01.792967,0.000795409083366394,0.001899808645248413
13:58:02.076824,0.0008445084095001221,0.0024278461933135986
13:58:02.198280,0.0008931457996368408,0.0045396387577056885
13:58:02.316199,0.000688508152961731,0.0006740391254425049
13:58:02.390101,-0.0013613402843475342,0.002004683017730713
13:58:02.476980,0.0006335973739624023,-0.0006918609142303467
13:58:02.510976,-0.000506669282913208,-0.0007902681827545166
13:58:02.579934,-0.0007292777299880981,0.002516806125640869
13:58:02.657193,-0.0005059540271759033,0.000992417335510254
13:58:03.623804,0.000864073634147644,-0.0032493174076080322
13:58:03.788664,0.0020030736923217773,-0.0018603205680847168
13:58:03.829363,0.0009205341339111328,-0.0011689960956573486
13:58:04.689780,0.0009938925504684448,-0.0006834864616394043
13:58:04.805191,0.0006435960531234741,-0.0010343194007873535
13:58:05.014261,0.0005460232496261597,-0.0018351972103118896
13:58:05.330139,-0.001177564263343811,0.0029837191104888916
13:58:05.555217,-0.0007191449403762817,0.0011132359504699707
13:58:05.636872,-0.0006341934204101562,-0.0006965994834899902
13:58:05.804916,0.0008186399936676025,-0.0008729994297027588
13:58:05.932648,0.0007262229919433594,-0.0007725656032562256
13:58:05.968226,-0.001390025019645691,0.0009395182132720947
13:58:06.257375,-0.0006080865859985352,0.0018383264541625977
13:58:06.397772,-0.0005733221769332886,-0.0007818937301635742
13:58:06.698212,0.0006837695837020874,-0.0007917881011962891
13:58:06.852643,-0.0007618069648742676,0.000581890344619751
13:58:06.987628,-0.0011790990829467773,0.0006892979145050049
13:58:07.313431,0.0007810741662979126,-0.002026796340942383
13:58:07.793245,-0.0009027719497680664,-0.0005975961685180664
13:58:08.603998,-0.0009555816650390625,0.0012394487857818604
13:58:09.623920,-0.0032942742109298706,0.0027567148208618164
13:58:09.734770,0.0019912421703338623,-0.0013324618339538574
13:58:09.781753,0.001519903540611267,-0.000643312931060791
13:58:09.923584,-0.0008454620838165283,0.0009448528289794922
13:58:10.036058,-0.004647612571716309,0.0019231736660003662
13:58:10.399850,-0.0020617246627807617,-0.0018067657947540283
13:58:10.472630,0.0013008266687393188,-0.005843132734298706
13:58:10.513679,0.001047283411026001,-0.0017511248588562012
13:58:10.592442,0.0008538663387298584,-0.000619351863861084
13:58:11.057080,-0.005491405725479126,0.003834068775177002
13:58:11.643892,0.0011159032583236694,-0.0012346208095550537
13:58:11.682949,0.0007143765687942505,-0.0012440383434295654
13:58:11.719523,0.0009650439023971558,-0.001555800437927246
13:58:11.931958,0.001012176275253296,-0.0017682015895843506
13:58:11.964496,-0.0015830546617507935,0.0016437768936157227
13:58:12.035918,-0.0021100640296936035,0.002369523048400879
13:58:12.070599,-0.0010181069374084473,0.0011532902717590332
13:58:12.774564,0.0005175471305847168,-0.0006126761436462402
13:58:13.111179,-0.0005564242601394653,0.002706974744796753
13:58:13.144344,-0.0009635984897613525,0.0013744831085205078
13:58:13.438000,0.0018292367458343506,-0.002116948366165161
13:58:13.487106,0.0005577951669692993,-0.0021506547927856445
13:58:13.522473,0.002558693289756775,-0.0021468698978424072
13:58:13.775653,0.000539630651473999,-0.002044171094894409
13:58:13.900832,-0.0015165060758590698,0.001900404691696167
13:58:14.073304,-0.002087906002998352,0.003947854042053223
13:58:14.105845,0.003030255436897278,-0.0017723441123962402
13:58:14.196159,0.0015020370483398438,-0.0012899339199066162
13:58:14.409024,-0.0020129233598709106,0.0012193024158477783
13:58:15.506105,0.0006996244192123413,-0.0012510418891906738
13:58:15.543603,-0.0007362812757492065,-0.0005690157413482666
13:58:15.645552,0.0007115751504898071,-0.0027354955673217773
13:58:15.970611,0.0009257197380065918,0.002109140157699585
13:58:16.592771,-0.0008623301982879639,0.001781165599822998
13:58:16.663316,-0.0005906820297241211,0.0014381110668182373
13:58:16.695848,-0.000641360878944397,0.0013505518436431885
13:58:17.056102,-0.0020022839307785034,0.0008041858673095703
13:58:17.387103,0.001701056957244873,-0.0014134347438812256
13:58:17.657371,0.0014097541570663452,-0.0020518898963928223
13:58:17.722440,0.0006757974624633789,-0.0026890337467193604
13:58:17.791034,0.000836685299873352,-0.0014858096837997437
13:58:17.825111,0.0006422847509384155,0.0006820112466812134
13:58:17.983610,0.0008233785629272461,0.0013667196035385132
13:58:18.027162,0.0007047653198242188,0.0008108615875244141
13:58:18.058120,-0.0007095932960510254,0.003862038254737854
13:58:18.242233,0.001273512840270996,0.0007949173450469971
13:58:18.421038,0.0006975233554840088,0.0007905960083007812
13:58:18.510407,0.000538170337677002,0.0005723834037780762
13:58:18.626768,-0.0006724148988723755,0.0007829070091247559
13:58:18.790919,-0.0028735846281051636,0.0036528408527374268
13:58:20.197583,0.0005466490983963013,-0.0006171166896820068
13:58:20.601675,-0.0006080865859985352,0.0010537803173065186
13:58:20.807165,0.0005007535219192505,-0.001926332712173462
13:58:20.912320,-0.0005627870559692383,0.00206032395362854
13:58:22.691232,-0.0008737891912460327,0.000866234302520752
13:58:23.715329,0.000734284520149231,-0.001293867826461792
13:58:23.749061,0.0006715506315231323,-0.0010410547256469727
13:58:24.350033,0.0006942451000213623,-0.0007146596908569336
13:58:24.469544,-0.0015189945697784424,0.001138061285018921
13:58:24.608356,-0.0013859272003173828,0.0012691318988800049
13:58:24.848557,0.0009121596813201904,-0.0006645321846008301
13:58:24.911116,0.0009815394878387451,-0.0010467171669006348
13:58:25.193059,-0.001032114028930664,0.0006805956363677979
13:58:25.257179,-0.002498447895050049,0.001379460096359253
13:58:25.989404,0.004141092300415039,-0.004409193992614746
13:58:26.020865,0.0010741204023361206,-0.0020678937435150146
13:58:26.234905,-0.0013055354356765747,0.0006056129932403564
13:58:26.281662,-0.0008304566144943237,0.0009187459945678711
13:58:26.847180,0.0013457387685775757,-0.0006932318210601807
13:58:26.996790,0.0016160011291503906,-0.0020715296268463135
13:58:27.285338,0.002290010452270508,-0.0009467601776123047
13:58:27.645450,-0.0008702278137207031,0.0012760460376739502
13:58:27.759152,0.0026176273822784424,-0.002271503210067749
13:58:27.904874,-0.0012238174676895142,0.000729292631149292
13:58:27.941764,-0.0013522207736968994,0.0009816884994506836
13:58:27.976766,-0.0010884255170822144,0.0005620718002319336
13:58:28.505194,0.0007852464914321899,-0.0008712708950042725
13:58:28.653590,-0.0021926164627075195,0.0018506646156311035
13:58:28.695138,-0.0014420002698898315,0.002209961414337158
13:58:29.075388,0.0005816668272018433,-0.0010980963706970215
13:58:29.145728,0.0006854832172393799,-0.0009706616401672363
13:58:29.255267,0.0005733370780944824,-0.0019043385982513428
13:58:29.297331,0.0014576315879821777,-0.0009022057056427002
13:58:29.700335,0.001035258173942566,-0.0006480813026428223
13:58:29.835731,-0.0013343095779418945,0.0008404254913330078
13:58:30.133189,0.0009939223527908325,-0.0032938122749328613
13:58:30.389816,-0.0010894089937210083,0.0007289648056030273
13:58:30.444154,-0.0019913911819458008,0.004324793815612793
13:58:30.500459,0.0019720345735549927,-0.005205482244491577
13:58:30.857808,-0.0005095303058624268,0.0007527470588684082
13:58:30.895472,-0.001500934362411499,0.0005101561546325684
13:58:31.165229,0.0012644827365875244,-0.0032106637954711914
13:58:31.938475,-0.0007511377334594727,0.0005474984645843506
13:58:32.134897,0.001152321696281433,-0.0030920207500457764
13:58:32.214969,0.0010643601417541504,-0.0008628368377685547
13:58:32.853886,-0.0011833161115646362,0.0008873641490936279
13:58:33.098152,-0.0007711350917816162,0.0010829269886016846
13:58:33.717076,0.0009005218744277954,-0.0010594427585601807
13:58:34.985761,-0.0007967203855514526,0.001337975263595581
13:58:35.124229,0.0008402317762374878,-0.0007675588130950928
13:58:35.763475,-0.0016407519578933716,0.001019507646560669
13:58:36.023836,0.0019406229257583618,-0.003215700387954712
13:58:36.324715,-0.0016712397336959839,0.002421259880065918
13:58:36.357756,-0.0009679496288299561,0.0011680424213409424
13:58:36.421947,-0.0006673038005828857,0.0005693137645721436
13:58:36.456029,0.0005282610654830933,-0.0015885233879089355
13:58:36.645439,-0.0008986443281173706,0.0008150935173034668
13:58:36.719043,0.0023715049028396606,-0.0005058348178863525
13:58:36.752109,0.0006358474493026733,0.0005389153957366943
13:58:36.924787,-0.0007183104753494263,0.0016988515853881836
13:58:37.420044,0.0005206018686294556,0.0007656216621398926
13:58:37.532985,-0.0006789565086364746,0.0006707310676574707
13:58:37.608600,-0.00127507746219635,0.0018405914306640625
13:58:37.684314,0.0010281205177307129,-0.0007384419441223145
13:58:38.536201,-0.0007826685905456543,0.0009750127792358398
13:58:38.753092,-0.001223340630531311,0.0005901753902435303
13:58:38.786832,0.0011156201362609863,-0.0033439993858337402
13:58:38.822414,-0.0005205124616622925,0.0008487999439239502
13:58:39.286063,0.0008011758327484131,-0.0030198991298675537
13:58:39.323288,-0.0006812214851379395,0.00107574462890625
13:58:39.504631,-0.0028271526098251343,0.0020887255668640137
13:58:39.739085,0.0010773688554763794,-0.0006320774555206299
13:58:39.826167,0.0018718242645263672,-0.0008316636085510254
13:58:40.184088,0.001600518822669983,-0.001272648572921753
13:58:40.490927,-0.0005433112382888794,0.001306980848312378
13:58:40.566244,-0.0009590983390808105,0.0012780427932739258
13:58:40.740271,0.0006010681390762329,-0.000631868839263916
13:58:40.780395,0.0016612261533737183,-0.0006784796714782715
13:58:40.935234,-0.001578301191329956,0.0033711493015289307
13:58:41.256944,0.0008720904588699341,-0.0011169910430908203
13:58:41.402691,0.000730559229850769,-0.0007152557373046875
13:58:41.935841,-0.0006542354822158813,0.0005393922328948975
13:58:42.028463,-0.000524565577507019,0.0008074641227722168
13:58:42.278965,0.0005063265562057495,-0.0013808608055114746
13:58:42.863698,-0.0006937235593795776,0.0008958578109741211
13:58:42.930981,-0.0009893625974655151,-0.0012769103050231934
13:58:43.153922,-0.0016418248414993286,0.0010676980018615723
13:58:43.549561,0.002291843295097351,-0.0009272992610931396
13:58:43.617147,0.0013865083456039429,-0.0012486577033996582
13:58:43.659707,-0.0011850297451019287,0.0011771619319915771
13:58:43.692288,-0.0016946196556091309,0.0025616884231567383
13:58:44.080817,0.0008277148008346558,-0.0006854236125946045
13:58:44.209945,0.0005644261837005615,-0.0012751221656799316
13:58:44.535066,-0.0018228739500045776,0.0005677938461303711
13:58:45.024584,-0.0005058050155639648,0.0014404654502868652
13:58:45.773227,-0.002981126308441162,0.0005662739276885986
13:58:46.093349,0.0006823688745498657,-0.003229886293411255
13:58:46.600647,-0.001140296459197998,0.0012116730213165283
13:58:46.664222,-0.0010486692190170288,0.0005188286304473877
13:58:46.943463,0.0012607574462890625,-0.0019842684268951416
13:58:47.007119,-0.0011051595211029053,0.0006689727306365967
13:58:47.111103,-0.0012034475803375244,0.000873178243637085
13:58:47.373433,0.0005709677934646606,-0.0007170140743255615
13:58:47.765405,0.0010948479175567627,-0.0022534430027008057
13:58:47.843840,-0.0009467899799346924,0.003041565418243408
13:58:48.018834,0.0009416043758392334,-0.0007174909114837646
13:58:48.454826,-0.0021388232707977295,0.002498626708984375
13:58:49.182547,0.0006217062473297119,-0.0006697773933410645
13:58:49.223177,-0.0005263537168502808,0.0017999112606048584
13:58:49.363280,0.0018581598997116089,-0.0007852613925933838
13:58:50.339074,0.00151100754737854,-0.0020103156566619873
13:58:51.576860,0.0015491247177124023,-0.001158982515335083
13:58:51.927856,0.0007234364748001099,-0.0007107853889465332
13:58:52.823951,-0.0006330609321594238,0.0022026002407073975
13:58:53.226841,0.0005574673414230347,-0.0011972784996032715
13:58:53.310615,0.0011396408081054688,-0.0015835464000701904
13:58:53.468490,-0.0009036064147949219,0.0008045732975006104
13:58:53.629613,0.0011497586965560913,-0.0007309615612030029
13:58:53.726817,0.000608980655670166,-0.0013556182384490967
13:58:53.760760,0.0014452338218688965,-0.0013585090637207031
13:58:53.990893,-0.0020550936460494995,0.0006761550903320312
13:58:54.186127,-0.0007125139236450195,0.0005218982696533203
13:58:54.793413,-0.0007153451442718506,0.0007858872413635254
13:58:55.086213,-0.0005588531494140625,0.0013650059700012207
13:58:55.394595,-0.0013978034257888794,0.000769495964050293
13:58:56.631770,0.0010354667901992798,-0.0006202161312103271
13:58:57.928992,-0.001175999641418457,0.002101302146911621
13:58:58.520089,0.0005078166723251343,-0.0006584525108337402
13:58:58.554220,0.0005839020013809204,-0.001237422227859497
13:58:58.694056,-0.0005502849817276001,-0.0005546212196350098
13:58:58.731538,-0.0007421821355819702,-0.0008170902729034424
13:58:58.885610,-0.0007959902286529541,-0.0006130039691925049
13:59:00.529550,-0.0005753934383392334,0.000574946403503418
13:59:01.675612,0.0009400993585586548,0.0008491575717926025
13:59:03.074062,0.0005805492401123047,-0.0005559623241424561
13:59:03.302415,0.0009529590606689453,-0.0011497735977172852
13:59:03.339203,0.0007315874099731445,-0.0005460083484649658
13:59:03.508569,-0.0011933594942092896,0.0010651051998138428
13:59:04.237737,-0.0005355179309844971,-0.0005851984024047852
13:59:04.311978,0.0007809996604919434,-0.000743567943572998
13:59:04.722915,-0.0007880628108978271,0.002460107207298279
13:59:04.761753,-0.0008221864700317383,0.0008261799812316895
13:59:04.797049,-0.0006938129663467407,0.0009374618530273438
13:59:04.903022,-0.0015586316585540771,0.0005194544792175293
13:59:05.390745,0.000578656792640686,0.0006902366876602173
13:59:05.656048,0.0010800957679748535,0.003703981637954712
13:59:06.227189,0.0014847368001937866,0.0026121437549591064
13:59:06.308066,0.0015631616115570068,0.0031717121601104736
13:59:06.383715,0.0012127161026000977,-0.0015079975128173828
13:59:06.555130,-0.0011208802461624146,-0.0020144879817962646
13:59:06.713170,0.0005202144384384155,-0.004466354846954346
13:59:06.963593,0.0006568580865859985,-0.0011140406131744385
13:59:06.998641,0.0018591433763504028,-0.001791149377822876
13:59:07.084692,-0.0010980069637298584,0.0006652772426605225
13:59:07.222726,-0.0005023777484893799,0.0024370551109313965
13:59:07.254358,-0.0007307976484298706,0.0034443140029907227
13:59:07.362998,0.000568002462387085,-0.0006768703460693359
13:59:07.397062,0.0006472021341323853,-0.0007274448871612549
13:59:07.437063,0.0009128004312515259,-0.0005603134632110596
13:59:07.539606,0.0013318061828613281,-0.0013704299926757812
13:59:07.878897,-0.0005623847246170044,0.0005673766136169434
13:59:07.990358,-0.0009663701057434082,0.002254396677017212
13:59:08.030983,-0.002017080783843994,0.0019957423210144043
13:59:08.067440,-0.0013021379709243774,0.0037262141704559326
13:59:08.497612,0.001149401068687439,-0.0025787949562072754
13:59:08.545367,0.0005064308643341064,-0.0016282498836517334
13:59:08.619398,-0.0014997422695159912,0.003973454236984253
13:59:08.694789,0.0011525601148605347,-0.0034695565700531006
13:59:08.727321,-0.0005669295787811279,0.0018770396709442139
13:59:09.563818,0.000696718692779541,-0.000794142484664917
13:59:10.715179,-0.0007238388061523438,0.0035158097743988037
13:59:11.084645,0.0005516558885574341,-0.001760333776473999
13:59:11.434745,-0.0008564591407775879,0.0009384453296661377
13:59:11.780821,-0.0012098699808120728,0.0012107491493225098
13:59:11.815392,-0.0005270242691040039,0.000551372766494751
13:59:12.145237,0.0017427057027816772,-0.0013787150382995605
13:59:12.628869,0.0006086826324462891,-0.0012950003147125244
13:59:12.853381,0.0005106329917907715,-0.0020078420639038086
13:59:13.004937,0.0005231797695159912,-0.000829547643661499
13:59:13.417264,-0.0010349005460739136,0.0010211169719696045
13:59:14.095359,0.0006171315908432007,-0.003194451332092285
13:59:14.627497,-0.0010422617197036743,0.0008403658866882324
13:59:14.840941,-0.0005629360675811768,0.002217024564743042
13:59:14.982772,-0.0005248337984085083,-0.0011768341064453125
13:59:15.570308,0.0009118020534515381,-0.0005029141902923584
13:59:16.290334,-0.0015584081411361694,0.004054993391036987
13:59:16.501567,0.0009318739175796509,-0.0014947354793548584
13:59:16.535096,0.0011853277683258057,-0.0017980635166168213
13:59:16.939775,0.00105266273021698,-0.0005041658878326416
13:59:16.976980,0.0010825246572494507,-0.0026076436042785645
13:59:17.419709,-0.0010471940040588379,0.0016872584819793701
13:59:17.489339,-0.00115261971950531,0.0010198652744293213
13:59:17.747172,0.0016363412141799927,-0.001066058874130249
13:59:18.619461,-0.0013636648654937744,0.0007264316082000732
13:59:18.800027,0.0005043894052505493,-0.000587761402130127
13:59:18.967059,0.0013295859098434448,-0.0012658238410949707
13:59:19.523384,-0.0009133517742156982,0.001715540885925293
13:59:19.782210,-0.0017037838697433472,0.0018737614154815674
13:59:20.509840,0.00195448100566864,-0.0006465315818786621
13:59:21.614317,0.0026290863752365112,-0.002663522958755493
13:59:21.681956,0.0009945482015609741,-0.0006017088890075684
13:59:21.749402,0.002263203263282776,-0.0008220076560974121
13:59:22.192096,-0.000640869140625,0.0017048418521881104
13:59:23.797169,-0.0007776618003845215,0.001964360475540161
13:59:23.973642,0.0006296336650848389,-0.0006209313869476318
13:59:24.090866,0.0005864650011062622,0.0006656944751739502
13:59:24.508933,0.0006621778011322021,0.0005497634410858154
13:59:24.581912,-0.0005121827125549316,0.0009508132934570312
13:59:24.734953,0.0006309449672698975,-0.001902937889099121
13:59:25.052022,-0.0005751699209213257,-0.0017568767070770264
13:59:25.323177,0.0011900663375854492,-0.0008549094200134277
13:59:25.551941,0.0005241930484771729,-0.0018923282623291016
13:59:25.593484,0.001966416835784912,-0.0014630258083343506
13:59:25.950609,-0.0012905299663543701,0.0018387436866760254
13:59:26.087410,-0.0012633800506591797,0.003236055374145508
13:59:27.020532,-0.0007899254560470581,0.0022911131381988525
13:59:27.267074,-0.0007904320955276489,0.000838547945022583
13:59:27.572321,-0.0005378425121307373,0.002015918493270874
13:59:27.729157,0.00114479660987854,-0.0017421543598175049
13:59:27.831718,0.0008924752473831177,-0.001888275146484375
13:59:27.985660,0.0010776519775390625,-0.0005602836608886719
13:59:28.571649,-0.0005179941654205322,-0.0009532272815704346
13:59:28.898039,-0.0009567439556121826,0.001761406660079956
13:59:29.019898,0.0006778240203857422,-0.0008809566497802734
13:59:29.941568,0.0015728920698165894,-0.0016516447067260742
13:59:30.540246,-0.0010995864868164062,0.0011525750160217285
13:59:30.681720,0.000604778528213501,-0.0022481977939605713
13:59:31.075234,0.0017684847116470337,-0.0016921162605285645
13:59:31.178812,0.0005460828542709351,-0.0007053911685943604
13:59:31.328114,0.001119077205657959,-0.0019124150276184082
13:59:31.415132,0.0017969608306884766,0.0021513402462005615
13:59:31.736086,0.0016066581010818481,-0.000883936882019043
13:59:31.810639,-0.0009300708770751953,0.001174330711364746
13:59:31.844169,-0.0007106214761734009,0.0005726516246795654
13:59:32.203004,-0.0005436688661575317,0.0006109476089477539
13:59:32.310663,-0.0008862912654876709,0.0019839107990264893
13:59:33.334261,-0.001059502363204956,0.0018475651741027832
13:59:33.877183,-0.0008798986673355103,-0.0009842514991760254
13:59:33.953378,0.0010091066360473633,-0.001178741455078125
13:59:34.105277,0.0012382268905639648,-0.0006079673767089844
13:59:35.009797,-0.0014594048261642456,0.002886831760406494
13:59:35.045350,0.000894591212272644,0.0007016956806182861
13:59:36.214316,0.0014337003231048584,-0.0014313459396362305
13:59:36.255811,0.0025563985109329224,-0.004166096448898315
13:59:36.380972,0.0027097314596176147,-0.002086460590362549
13:59:38.104836,0.0020356327295303345,-0.0013407766819000244
13:59:38.677246,0.0007102489471435547,-0.001509636640548706
13:59:38.793627,0.0005131661891937256,-0.0008165538311004639
13:59:39.040138,-0.0014630556106567383,0.0012005865573883057
13:59:39.203674,-0.0009707212448120117,0.0016610026359558105
13:59:40.198995,-0.0005574971437454224,0.000644981861114502
13:59:40.788926,0.0006054192781448364,-0.0009152591228485107
13:59:42.422796,-0.0006766170263290405,0.0006491541862487793
13:59:43.067002,0.0009878426790237427,-0.0020793676376342773
13:59:43.503098,-0.0013152211904525757,0.0016369223594665527
13:59:44.168001,-0.0023287832736968994,0.0012620091438293457
13:59:44.547562,-0.000767141580581665,0.001008540391921997
13:59:45.352458,0.0005243122577667236,-0.0017182230949401855
13:59:45.506938,-0.0005369782447814941,0.0006587803363800049
13:59:46.046895,0.0011633187532424927,-0.001664578914642334
13:59:46.165896,0.0020811259746551514,-0.0009702742099761963
13:59:47.059052,-0.000990167260169983,0.0015838444232940674
13:59:47.171822,0.0012569427490234375,-0.000980973243713379
13:59:47.821011,0.0006983578205108643,-0.0010247528553009033
13:59:48.189077,-0.001012459397315979,0.0005299746990203857
13:59:48.296933,0.000612214207649231,-0.0006822049617767334
13:59:48.916952,-0.0009924918413162231,0.0020339488983154297
13:59:49.235294,-0.0011728852987289429,0.000748366117477417
13:59:49.574637,-0.0007783323526382446,0.0007777810096740723
13:59:50.460427,-0.0008346736431121826,-0.0006636083126068115
13:59:50.987176,0.0009241998195648193,0.0005806982517242432
13:59:51.068618,-0.0023917853832244873,0.0035821497440338135
13:59:51.453923,-0.0016499906778335571,0.0007368326187133789
13:59:51.603841,-0.000796779990196228,0.0006988048553466797
13:59:51.638304,-0.002091243863105774,0.0013021230697631836
13:59:53.024357,0.0005727112293243408,-0.0005534589290618896
13:59:53.093797,-0.0005336999893188477,0.001504749059677124
13:59:53.246884,-0.0017930716276168823,0.001080334186553955
13:59:53.319838,0.0007255524396896362,-0.001345992088317871
13:59:53.461161,-0.001931995153427124,0.0007809698581695557
13:59:54.509478,-0.0006033778190612793,0.0010759830474853516
13:59:55.785618,0.0005529224872589111,-0.003986448049545288
13:59:56.081896,0.0009650141000747681,0.0006496012210845947
13:59:56.495277,0.000691145658493042,-0.002996593713760376
13:59:56.530862,0.0014498233795166016,-0.000772625207901001
13:59:56.682163,-0.0007413476705551147,0.0012812614440917969
13:59:56.864952,-0.0007585883140563965,0.0010304152965545654
13:59:56.975725,-0.0008994042873382568,0.0010152161121368408
13:59:57.235320,-0.0007205754518508911,0.001697242259979248
13:59:57.336985,-0.002604156732559204,0.0006771385669708252
13:59:57.839301,0.0008034110069274902,-0.0013924837112426758
13:59:58.369472,0.0013417154550552368,-0.0007942318916320801
13:59:58.488987,-0.000608980655670166,0.0005112886428833008
13:59:59.443191,-0.0009062439203262329,0.0009871721267700195
13:59:59.756285,-0.0009895861148834229,0.0011910200119018555
13:59:59.841893,-0.0008848756551742554,0.0013593733310699463
14:00:00.134912,0.0015701204538345337,-0.000892341136932373
14:00:00.247726,-0.0011173933744430542,0.0013116300106048584
14:00:01.028554,0.0012319236993789673,-0.0011080801486968994
14:00:01.274808,0.0013877153396606445,-0.002777963876724243
14:00:01.383821,0.0007488727569580078,-0.00065651535987854
14:00:01.507015,0.0005474388599395752,-0.0009198784828186035
14:00:01.674132,-0.0006979256868362427,0.0025698840618133545
14:00:02.222195,0.0005030184984207153,-0.002081930637359619
14:00:02.334111,-0.0007594376802444458,0.0010886192321777344
14:00:02.519285,-0.000749245285987854,0.0010756850242614746
14:00:02.706202,0.0005788207054138184,-0.001299828290939331
14:00:02.953438,0.0006802976131439209,-0.0009080767631530762
14:00:03.417212,0.0017897337675094604,-0.0012365877628326416
14:00:03.814870,0.001485586166381836,-0.002710103988647461
14:00:03.938061,0.000920027494430542,-0.0010680556297302246
14:00:04.011883,-0.0005514323711395264,0.0020343661308288574
14:00:04.356954,-0.00088520348072052,-0.0014202892780303955
14:00:04.844936,-0.001216784119606018,0.0007306039333343506
14:00:05.606972,0.0012679845094680786,-0.002811998128890991
14:00:06.549990,0.0007068216800689697,-0.0022437870502471924
14:00:07.273245,-0.0008727014064788818,0.0006279051303863525
14:00:07.506958,0.0009217262268066406,-0.0023124217987060547
14:00:07.623902,0.0006482303142547607,-0.0005633533000946045
14:00:08.068380,0.0006629377603530884,-0.0024680495262145996
14:00:08.290131,-0.0018294155597686768,0.0011951327323913574
14:00:08.904894,-0.0006541311740875244,0.0005078613758087158
14:00:10.675996,0.0007736235857009888,-0.0005072653293609619
14:00:11.102366,-0.0005393177270889282,0.0021001994609832764
14:00:12.947741,-0.0009147971868515015,0.0022298693656921387
14:00:13.020814,-0.0008532851934432983,0.002322584390640259
14:00:13.472103,-0.0005840510129928589,0.0010163486003875732
14:00:13.506172,-0.0007265806198120117,0.000979095697402954
14:00:13.573761,0.0018371492624282837,-0.0012378096580505371
14:00:15.486179,0.0013188719749450684,-0.005132436752319336
14:00:16.123301,0.0023155659437179565,-0.0011060237884521484
14:00:16.632629,-0.001629844307899475,0.0014635026454925537
14:00:16.667597,-0.0010157674551010132,0.003093242645263672
14:00:17.573849,-0.0020387619733810425,-0.0039619505405426025
14:00:17.609206,-0.0010249912738800049,-0.004483550786972046
14:00:17.691910,-0.0005331188440322876,0.0007866919040679932
14:00:17.935467,-0.0010944604873657227,-0.0006107091903686523
14:00:18.108369,0.001468852162361145,0.0008573830127716064
14:00:20.653189,0.0013634711503982544,-0.0006069540977478027
14:00:21.332948,-0.0007302314043045044,0.0021463632583618164
14:00:21.615904,-0.0005133301019668579,-0.0007757842540740967
14:00:23.000970,-0.0009776502847671509,0.002268284559249878
14:00:23.267990,0.0008589476346969604,0.0015099644660949707
14:00:23.668791,-0.0006922483444213867,0.001425236463546753
14:00:23.785821,-0.000928238034248352,0.000956416130065918
14:00:23.820635,-0.000844120979309082,0.0008048713207244873
14:00:23.855682,-0.0015876591205596924,0.0017916560173034668
14:00:23.993258,0.0007156282663345337,0.0017513930797576904
14:00:24.250991,-0.0009833574295043945,0.0009725987911224365
14:00:24.448275,-0.0006479620933532715,0.0014551877975463867
14:00:24.626883,-0.0022441595792770386,0.0033251047134399414
14:00:25.128058,-0.001551598310470581,0.0007208585739135742
14:00:25.241117,-0.0025188326835632324,0.0013692080974578857
14:00:25.692491,-0.002956211566925049,0.0019286870956420898
14:00:25.728464,-0.0005905479192733765,0.0008785128593444824
14:00:26.030876,-0.0009041428565979004,0.0009732842445373535
14:00:26.138807,-0.0010865330696105957,0.0012936592102050781
14:00:26.445724,0.002676054835319519,-0.004525691270828247
14:00:26.828221,-0.0008216351270675659,0.0005683600902557373
14:00:27.877024,0.0005523264408111572,-0.0021251440048217773
14:00:27.986985,0.000690847635269165,-0.0007055103778839111
14:00:28.307854,0.0010177195072174072,-0.0007083117961883545
14:00:28.457261,0.0005743950605392456,-0.0009345114231109619
14:00:29.019655,0.0009001940488815308,-0.0005342066287994385
14:00:29.169833,-0.0015967190265655518,0.0010031461715698242
14:00:29.884122,0.0010152608156204224,-0.002047926187515259
14:00:30.027559,0.0005756169557571411,-0.0010029971599578857
14:00:30.279633,-0.0008886009454727173,0.0015765726566314697
14:00:31.960795,0.001364678144454956,-0.0005193054676055908
14:00:32.200036,0.0006854087114334106,-0.001150369644165039
14:00:33.020394,0.0006751269102096558,-0.0014633536338806152
14:00:33.089992,-0.0007902085781097412,0.0014393031597137451
14:00:33.495789,-0.0012367069721221924,0.0006400048732757568
14:00:33.750539,0.0012340247631072998,0.0005041062831878662
14:00:33.841255,-0.0006647557020187378,0.000560462474822998
14:00:35.050018,0.0005081892013549805,-0.0018545985221862793
14:00:35.115272,-0.0007098615169525146,0.0019162893295288086
14:00:35.404248,-0.0009652525186538696,0.0006944835186004639
14:00:35.743843,0.0008189082145690918,-0.0011064410209655762
14:00:35.777337,0.0012850463390350342,-0.002415388822555542
14:00:35.916257,-0.0015332698822021484,0.0008814334869384766
14:00:35.951457,-0.0011188238859176636,0.0005846619606018066
14:00:35.989122,-0.0009421408176422119,0.001225590705871582
14:00:36.188549,0.0019351840019226074,-0.000883936882019043
14:00:36.258019,-0.0016283094882965088,0.0016723573207855225
14:00:36.551939,0.0006143748760223389,-0.001816093921661377
14:00:36.625039,0.0008228272199630737,-0.0009731948375701904
14:00:36.661898,0.0005078613758087158,-0.0012948811054229736
14:00:36.947951,0.0013483166694641113,-0.0005372464656829834
14:00:37.194642,-0.001053646206855774,0.0008638203144073486
14:00:37.241209,-0.0009923875331878662,0.002773195505142212
14:00:37.279342,-0.0007440149784088135,0.0016656219959259033
14:00:37.313636,-0.0015036910772323608,0.0006393194198608398
14:00:37.352686,0.001146569848060608,-0.0011245906352996826
14:00:38.178253,-0.0010040104389190674,0.0011650323867797852
14:00:38.214853,-0.001234397292137146,0.0010185837745666504
14:00:38.374992,0.0009840726852416992,-0.000772625207901001
14:00:39.148835,-0.0005776584148406982,0.0010014474391937256
14:00:39.226857,-0.0006804317235946655,0.0006202459335327148
14:00:39.969833,-0.0016871392726898193,0.0013580322265625
14:00:40.037096,0.0006505697965621948,-0.0010306835174560547
14:00:40.158816,0.0005030184984207153,-0.0009452402591705322
14:00:40.193649,-0.0005065351724624634,0.0007973313331604004
14:00:40.537226,-0.0008208751678466797,0.001476287841796875
14:00:41.149092,0.0021927058696746826,-0.0012580454349517822
14:00:41.849041,0.002148866653442383,-0.0017962455749511719
14:00:42.056850,-0.0006793737411499023,0.0010614097118377686
14:00:42.505877,0.0010420829057693481,-0.0032499730587005615
14:00:42.647180,-0.0007590949535369873,0.0008405745029449463
14:00:42.753426,-0.001141667366027832,0.001905590295791626
14:00:42.835460,-0.0007869601249694824,0.0013651251792907715
14:00:42.869930,-0.0012276768684387207,0.0006425380706787109
14:00:43.299076,-0.0006117373704910278,0.0007998645305633545
14:00:43.376207,0.002266913652420044,-0.0029487013816833496
14:00:44.195119,0.0019868016242980957,-0.0006532669067382812
14:00:44.395097,-0.0006633400917053223,0.0009767711162567139
14:00:44.510831,-0.002123624086380005,0.001608133316040039
14:00:44.627472,-0.0010428428649902344,0.0011047124862670898
14:00:44.665537,-0.0019807815551757812,0.0017678439617156982
14:00:44.773229,-0.0005036592483520508,0.002137899398803711
14:00:44.839312,0.0009289085865020752,-0.000979095697402954
14:00:44.910963,-0.0006972402334213257,-0.0008270144462585449
14:00:45.394244,-0.0012320131063461304,0.0028739869594573975
14:00:45.587036,0.000841185450553894,-0.002016305923461914
14:00:45.890023,0.0009391456842422485,-0.0005602240562438965
14:00:45.930146,0.0005336105823516846,-0.0012293457984924316
14:00:45.999416,-0.0028217434883117676,0.0018914639949798584
14:00:46.548546,0.0005977451801300049,-0.0005200803279876709
14:00:46.819728,0.0017449408769607544,-0.002703338861465454
14:00:46.856276,0.00262373685836792,-0.0006924867630004883
14:00:46.895872,-0.0016490817070007324,0.0006751120090484619
14:00:47.493866,0.0005255341529846191,0.0006745457649230957
14:00:47.828175,-0.000722244381904602,0.0009456872940063477
14:00:47.901777,0.0014522671699523926,-0.0013155341148376465
14:00:48.058460,0.0006908029317855835,-0.0010682344436645508
14:00:49.525570,-0.001149192452430725,0.0010109245777130127
14:00:49.750428,0.0005189776420593262,-0.0013202428817749023
14:00:49.833036,-0.0007264614105224609,0.0012652873992919922
14:00:50.368884,-0.000540614128112793,-0.0006127357482910156
14:00:50.691263,-0.0005276650190353394,0.0005345940589904785
14:00:51.094274,-0.0009241402149200439,0.0009835660457611084
14:00:52.232861,-0.0016205906867980957,0.0007211267948150635
14:00:52.644743,0.0006402879953384399,-0.0005367696285247803
14:00:53.185359,0.0014705806970596313,-0.0008642077445983887
14:00:53.297167,-0.0006721019744873047,0.0006223320960998535
14:00:53.361892,0.001241728663444519,-0.0009479224681854248
14:00:53.740454,0.0012324601411819458,-0.000839531421661377
14:00:53.882278,-0.0014336705207824707,0.0013583600521087646
14:00:53.919846,-0.000532194972038269,0.0008915960788726807
14:00:54.434154,-0.0013200938701629639,0.0006691813468933105
14:00:55.175316,-0.0005218982696533203,0.0010032057762145996
14:00:55.281138,-0.0006572157144546509,0.001705944538116455
14:00:55.314384,-0.001556485891342163,0.0009590983390808105
14:00:55.984051,0.0005584061145782471,-0.002396881580352783
14:00:56.857285,-0.0009504556655883789,0.0012304484844207764
14:00:57.332112,0.0005390048027038574,-0.0015949010848999023
14:00:58.126866,0.000555381178855896,-0.0014212429523468018
14:00:59.047469,-0.0007309168577194214,0.0013636350631713867
14:00:59.512056,0.0009544342756271362,-0.0007927119731903076
14:00:59.694258,0.0007083714008331299,-0.0009118914604187012
14:00:59.737104,-0.0007345378398895264,-0.0014515519142150879
14:00:59.769415,-0.0030279308557510376,0.0011310577392578125
14:00:59.804942,0.0011938810348510742,-0.0005314052104949951
14:01:00.096199,0.0005662739276885986,0.0005318522453308105
14:01:00.134965,0.0029103904962539673,-0.0015890300273895264
14:01:01.183587,-0.0007343441247940063,0.001830965280532837
14:01:01.842030,-0.0020416229963302612,-0.0011311471462249756
14:01:01.985489,-0.0010183751583099365,-0.0012483596801757812
14:01:02.022040,-0.0018741041421890259,-0.005257993936538696
14:01:02.055214,-0.0005922913551330566,-0.0096282958984375
14:01:02.090102,-0.0009107440710067749,-0.002473384141921997
14:01:02.125914,-0.003165900707244873,-0.001262769103050232
14:01:02.243544,-0.0020125359296798706,-0.004018813371658325
14:01:02.278013,-0.001006990671157837,-0.002100512385368347
14:01:02.314065,-0.002726539969444275,-0.0042098164558410645
14:01:02.419882,-0.0007080584764480591,-0.0006349831819534302
14:01:02.451408,-0.0005811601877212524,-0.0014778971672058105
14:01:02.488513,-0.0007311254739761353,-0.00141240656375885
14:01:02.524541,-0.002024054527282715,-0.0012664347887039185
14:01:02.599369,-0.0022042691707611084,-0.0015286654233932495
14:01:02.637449,-0.0015543699264526367,-0.0015584975481033325
14:01:02.675130,-0.003665328025817871,-0.0015657395124435425
14:01:02.752703,0.0006629824638366699,0.0006680935621261597
14:01:02.828823,0.0005430430173873901,0.0021908581256866455
14:01:02.863985,0.001083463430404663,0.0016509294509887695
14:01:02.934944,0.0027890056371688843,0.0011698901653289795
14:01:02.987321,0.0027903467416763306,0.0012683570384979248
14:01:03.055153,0.0017421245574951172,0.0007466524839401245
14:01:03.096904,0.004097595810890198,0.0006676614284515381
14:01:03.135088,0.002005070447921753,0.0032278746366500854
14:01:03.170292,0.00341796875,0.0012840628623962402
14:01:03.202817,0.0021477043628692627,0.0019603371620178223
14:01:03.233915,0.004181340336799622,0.003236517310142517
14:01:03.283466,0.0007061660289764404,0.001799359917640686
14:01:03.320967,0.0036463886499404907,0.001276642084121704
14:01:03.353803,0.0034669339656829834,0.005026146769523621
14:01:03.386910,0.0006716996431350708,0.005618661642074585
14:01:03.539863,0.0016967207193374634,0.002062082290649414
14:01:03.654295,0.004118010401725769,0.0016585290431976318
14:01:03.702926,0.0015757828950881958,-0.0012101233005523682
14:01:04.214186,-0.0018903762102127075,0.0008133947849273682
14:01:04.282772,-0.0007714331150054932,0.0010785162448883057
14:01:04.395549,-0.0014782994985580444,0.0012731850147247314
14:01:04.493097,0.0028951317071914673,-0.006720453500747681
14:01:04.604118,-0.0010235756635665894,0.0027631521224975586
14:01:04.711392,-0.0034496039152145386,0.001186966896057129
14:01:04.784192,-0.001128554344177246,0.006921976804733276
14:01:04.820415,-0.006540387868881226,0.004157900810241699
14:01:04.947727,-0.0013243407011032104,0.0026955008506774902
14:01:04.983294,-0.0013340562582015991,0.004183828830718994
14:01:05.057065,0.0016570985317230225,-0.0005144774913787842
14:01:05.254488,0.002016916871070862,-0.0043527185916900635
14:01:05.292310,0.0005519986152648926,-0.00264778733253479
14:01:05.373907,-0.0005594640970230103,0.003276914358139038
14:01:05.412398,-0.0006751865148544312,0.0020077526569366455
14:01:05.452083,-0.0011663436889648438,0.0016118884086608887
14:01:05.573892,0.0013367831707000732,-0.0021052956581115723
14:01:05.609113,0.0018759071826934814,-0.003521144390106201
14:01:05.878937,-0.001943439245223999,0.00126725435256958
14:01:06.000549,-0.0019325166940689087,0.0020360052585601807
14:01:06.049286,0.0008970797061920166,-0.002110898494720459
14:01:06.237227,-0.0014718174934387207,0.0021739304065704346
14:01:06.311017,0.0037148892879486084,-0.0074356794357299805
14:01:06.702338,0.0005686432123184204,-0.0010593235492706299
14:01:07.072556,-0.0010555684566497803,0.001649022102355957
14:01:07.146875,-0.0017713755369186401,0.0018169581890106201
14:01:07.290627,0.0026810914278030396,-0.0022061169147491455
14:01:07.567172,-0.0010191500186920166,0.002443939447402954
14:01:07.719153,0.000628545880317688,0.0033377408981323242
14:01:07.890579,0.0024851709604263306,-0.002424687147140503
14:01:08.348992,0.0007029920816421509,-0.0013981163501739502
14:01:08.472256,-0.0005499124526977539,0.0012262165546417236
14:01:08.584164,-0.0009774565696716309,0.0022816359996795654
14:01:08.777813,-0.002088308334350586,0.0028728246688842773
14:01:08.888272,-0.0009464025497436523,0.0008698999881744385
14:01:09.067909,-0.0014763325452804565,0.002775043249130249
14:01:09.369941,-0.0009380429983139038,0.0013772845268249512
14:01:09.403854,-0.000558018684387207,0.0008773207664489746
14:01:09.730559,0.0007263422012329102,-0.0034841299057006836
14:01:10.098280,0.0006338357925415039,-0.0019877254962921143
14:01:10.365325,-0.0015678107738494873,0.004082053899765015
14:01:10.413777,0.000977635383605957,-0.0014711618423461914
14:01:10.814487,-0.0005215704441070557,0.0005726218223571777
14:01:10.849302,-0.002522379159927368,0.0014520883560180664
14:01:10.885450,0.0005200207233428955,-0.0007013976573944092
14:01:10.922095,0.0021654367446899414,-0.0029520392417907715
14:01:11.184335,-0.0007961392402648926,0.0015194416046142578
14:01:11.610204,0.0007306337356567383,-0.0016789436340332031
14:01:11.646154,0.0006489157676696777,-0.0020083189010620117
14:01:12.056850,-0.0033110082149505615,0.003370732069015503
14:01:12.300081,0.0006923377513885498,-0.0013340115547180176
14:01:12.345328,-0.0006511956453323364,0.0008909404277801514
14:01:12.606957,-0.0008331388235092163,0.0013377070426940918
14:01:12.858563,0.0007809549570083618,-0.002021104097366333
14:01:13.023346,0.0005329102277755737,-0.0007290840148925781
14:01:13.101023,-0.0012954771518707275,0.0014126598834991455
14:01:13.144385,-0.0007805079221725464,0.001832127571105957
14:01:13.285980,0.0008822232484817505,-0.0015017688274383545
14:01:13.487312,0.0007790178060531616,-0.0009564459323883057
14:01:14.063971,-0.0007192939519882202,0.0011893510818481445
14:01:14.470050,-0.002027362585067749,0.002371281385421753
14:01:14.651041,0.000990346074104309,-0.0013155043125152588
14:01:14.685415,0.0006086826324462891,-0.0008543729782104492
14:01:14.800189,-0.0005613118410110474,0.000905156135559082
14:01:15.201376,0.0005944967269897461,-0.002393484115600586
14:01:16.002493,0.0005232393741607666,-0.0006155967712402344
14:01:16.247263,-0.0005907267332077026,0.0007609128952026367
14:01:16.518467,-0.0009294897317886353,0.0016025900840759277
14:01:17.069271,0.0005825310945510864,-0.0005106031894683838
14:01:17.140682,-0.0019455254077911377,0.0007230937480926514
14:01:17.381050,0.0011753588914871216,-0.0012653768062591553
14:01:17.636880,-0.0006100833415985107,0.0007312297821044922
14:01:18.093831,-0.0011655688285827637,0.002092719078063965
14:01:18.208520,0.0018251091241836548,-0.0008910298347473145
14:01:18.244046,-0.0006158053874969482,0.0024431347846984863
14:01:18.459651,-0.0014194399118423462,0.0011627376079559326
14:01:18.863884,0.0006973147392272949,-0.001398712396621704
14:01:19.118895,-0.0008161962032318115,0.001084744930267334
14:01:19.318051,0.0007235407829284668,-0.001454472541809082
14:01:19.805200,0.0006352514028549194,-0.0010019242763519287
14:01:21.331682,-0.001193121075630188,0.0008667707443237305
14:01:21.555038,0.0014728158712387085,-0.0024743974208831787
14:01:21.777403,0.0010625123977661133,-0.0024223923683166504
14:01:22.170429,-0.0011293292045593262,0.00163346529006958
14:01:22.204499,-0.0018862485885620117,0.003914088010787964
14:01:22.566207,-0.0011551529169082642,0.004386216402053833
14:01:22.668893,-0.0005742311477661133,0.001159965991973877
14:01:22.782052,0.001031428575515747,-0.0006345510482788086
14:01:22.818511,-0.0007341057062149048,0.0006411373615264893
14:01:22.894614,-0.0009141713380813599,0.002742856740951538
14:01:23.095355,0.0008271932601928711,-0.002402067184448242
14:01:23.145720,0.001269221305847168,-0.0010631084442138672
14:01:23.254297,-0.0011868774890899658,0.0005747377872467041
14:01:23.950878,-0.001024290919303894,0.0015136897563934326
14:01:24.211206,0.0008758604526519775,-0.001782923936843872
14:01:24.362217,-0.0012693703174591064,0.000738292932510376
14:01:24.496091,-0.002234026789665222,0.004137605428695679
14:01:24.809317,-0.0007983744144439697,0.0008139312267303467
14:01:25.073364,0.0007359683513641357,0.0010094046592712402
14:01:25.364898,-0.0020029544830322266,0.002567768096923828
14:01:25.434212,0.0013720989227294922,-0.0005090832710266113
14:01:26.633622,0.0005579739809036255,-0.0007852315902709961
14:01:26.857221,-0.0006733834743499756,-0.001078486442565918
14:01:27.514647,0.00085429847240448,-0.0010598301887512207
14:01:27.625297,0.0016224384307861328,-0.001907944679260254
14:01:27.737215,0.0006423741579055786,-0.0015086531639099121
14:01:27.771030,0.0009523481130599976,-0.001021742820739746
14:01:28.123062,-0.0009084045886993408,0.0016221702098846436
14:01:28.546997,-0.000857815146446228,0.003118842840194702
14:01:29.094069,-0.001828715205192566,0.0006197094917297363
14:01:29.146076,-0.001573309302330017,0.0033774375915527344
14:01:29.370499,-0.0005798786878585815,0.0027466416358947754
14:01:29.677939,0.0008074939250946045,-0.0009462535381317139
14:01:30.028768,-0.0007027983665466309,0.0010485649108886719
14:01:30.141973,-0.0012649893760681152,0.0021802783012390137
14:01:30.178149,0.000665813684463501,-0.0015130043029785156
14:01:30.212340,-0.0006598234176635742,0.0018174946308135986
14:01:30.257008,-0.0011578798294067383,0.002527564764022827
14:01:30.670260,0.0010115504264831543,-0.000870436429977417
14:01:30.755449,0.0016626864671707153,-0.0027087032794952393
14:01:30.830707,0.0021697133779525757,-0.0018059015274047852
14:01:30.867250,0.0005020499229431152,-0.0018101632595062256
14:01:30.953522,-0.0011734217405319214,0.00060272216796875
14:01:31.094041,-0.000892341136932373,0.0014843940734863281
14:01:31.172714,0.0015166699886322021,-0.0017043352127075195
14:01:31.244756,-0.0006060898303985596,0.0008741915225982666
14:01:31.454061,-0.0008547008037567139,0.00150337815284729
14:01:31.485596,0.001358330249786377,0.0011296570301055908
14:01:31.838142,-0.0011726617813110352,0.0017207860946655273
14:01:32.907763,0.0018851757049560547,-0.001167207956314087
14:01:32.943290,0.0005977749824523926,-0.0010087192058563232
14:01:32.977296,0.0012341588735580444,-0.003128349781036377
14:01:34.574332,-0.0012577176094055176,0.0016157329082489014
14:01:34.610889,0.0005721747875213623,-0.0022426843643188477
14:01:34.888937,0.0007697045803070068,-0.0014151036739349365
14:01:35.610419,-0.000634998083114624,0.0009437203407287598
14:01:35.839164,-0.0008691251277923584,0.0008080601692199707
14:01:36.358349,-0.0012837350368499756,0.0024614036083221436
14:01:36.570063,-0.0012635588645935059,0.003409743309020996
14:01:37.270456,0.000741228461265564,0.001272052526473999
14:01:37.422520,0.0009185969829559326,-0.0010694265365600586
14:01:37.850769,0.000989466905593872,-0.0012445151805877686
14:01:38.393260,-0.0006262063980102539,0.000585705041885376
14:01:38.834179,0.0006801784038543701,-0.0005148649215698242
14:01:39.198609,0.0007285326719284058,-0.0005460381507873535
14:01:39.371302,0.0005228966474533081,-0.0008557140827178955
14:01:39.440097,0.001033872365951538,-0.003998667001724243
14:01:39.630178,-0.0017314702272415161,0.0008192658424377441
14:01:39.672078,-0.002499595284461975,0.0006605982780456543
14:01:39.743686,-0.0015177428722381592,0.001635730266571045
14:01:39.818983,-0.0023369789123535156,0.003911763429641724
14:01:40.171608,0.0005833357572555542,-0.0005137026309967041
14:01:40.457600,0.000508531928062439,-0.0007024407386779785
14:01:40.615938,-0.0006377846002578735,0.0005538761615753174
14:01:40.878319,0.0006116032600402832,-0.0010338127613067627
14:01:40.945483,-0.000802457332611084,0.0006884634494781494
14:01:41.238430,-0.0010392069816589355,0.0008046627044677734
14:01:41.749912,-0.0005877912044525146,0.0012359619140625
14:01:42.213549,0.001349121332168579,-0.0033168792724609375
14:01:42.558219,0.0005778968334197998,-0.000891953706741333
14:01:42.884518,0.0005742907524108887,-0.0008373856544494629
14:01:42.939284,0.0008420944213867188,-0.0011136233806610107
14:01:43.553241,-0.002256914973258972,0.0018912255764007568
14:01:43.673677,0.0006816387176513672,-0.0007176697254180908
14:01:43.722770,0.0013837069272994995,-0.0009953975677490234
14:01:43.761870,0.0006348788738250732,-0.004176914691925049
14:01:44.085787,-0.0009291768074035645,0.0008992254734039307
14:01:44.498708,-0.0011038035154342651,0.0012823045253753662
14:01:45.057000,0.001023024320602417,-0.0019201934337615967
14:01:45.158274,-0.002319827675819397,0.0008905231952667236
14:01:45.380296,0.002150103449821472,-0.0012235641479492188
14:01:45.427982,-0.0009313374757766724,0.001263946294784546
14:01:45.701553,-0.0008173286914825439,0.0009185075759887695
14:01:46.027073,0.0005731582641601562,-0.0006576776504516602
14:01:46.471035,-0.0006711483001708984,0.0012255609035491943
14:01:46.790801,0.0015459507703781128,-0.0035307109355926514
14:01:47.044090,0.001799851655960083,-0.003203660249710083
14:01:47.187168,-0.0006513148546218872,0.0010148882865905762
14:01:47.254869,0.0013257265090942383,-0.0005432069301605225
14:01:47.334907,-0.0021641403436660767,0.002104043960571289
14:01:47.491549,0.001001104712486267,-0.0012704432010650635
14:01:47.640877,-0.0007877945899963379,0.0005196034908294678
14:01:47.678664,-0.0005015283823013306,0.001596599817276001
14:01:47.726247,0.0020393580198287964,-0.004250526428222656
14:01:48.376992,0.0010700821876525879,-0.000652015209197998
14:01:48.444345,-0.0018436014652252197,0.0012916922569274902
14:01:48.662537,-0.001139521598815918,0.0006786584854125977
14:01:48.801676,0.000710606575012207,-0.0006579756736755371
14:01:48.956920,-0.0006299912929534912,0.0010128915309906006
14:01:49.303808,0.0014971494674682617,-0.0006972253322601318
14:01:49.530664,-0.004051834344863892,0.0023930370807647705
14:01:49.724995,0.0026409924030303955,-0.0015766024589538574
14:01:49.836148,-0.0005194991827011108,0.0014800429344177246
14:01:50.024416,0.0005113482475280762,0.0007964372634887695
14:01:50.303450,0.0008215457201004028,-0.0005040764808654785
14:01:50.519350,0.0005983263254165649,-0.0007271468639373779
14:01:50.654380,0.0005683004856109619,-0.0010008811950683594
14:01:50.688425,0.0014929920434951782,-0.0036116838455200195
14:01:50.992292,-0.0005821287631988525,0.00057220458984375
14:01:51.334367,-0.001849830150604248,0.0008897781372070312
14:01:51.915195,-0.0011022686958312988,0.0007545948028564453
14:01:52.019159,-0.0013093948364257812,0.0005902349948883057
14:01:52.356958,0.0005664229393005371,-0.0010251998901367188
14:01:52.513941,0.001804053783416748,-0.0007958710193634033
14:01:52.544928,-0.0013033300638198853,0.0017784535884857178
14:01:52.615497,-0.002488657832145691,0.0010722875595092773
14:01:52.761167,-0.0010852962732315063,0.0015813708305358887
14:01:52.916351,0.0031842291355133057,-0.0007860064506530762
14:01:52.957137,0.001606971025466919,-0.0006656646728515625
14:01:53.040279,-0.0005056262016296387,0.001057356595993042
14:01:53.076877,-0.000592350959777832,0.001283109188079834
14:01:53.249451,-0.0014311671257019043,0.0022598206996917725
14:01:53.569069,-0.0013999640941619873,0.002030670642852783
14:01:53.720017,0.0008341968059539795,-0.0017428696155548096
14:01:53.936056,0.0018097013235092163,-0.0024335384368896484
14:01:53.970999,0.0019160807132720947,-0.00774422287940979
14:01:54.007293,0.0005916804075241089,-0.0029293596744537354
14:01:54.191937,-0.00314997136592865,0.0013220906257629395
14:01:54.230632,-0.0018677711486816406,0.0010516643524169922
14:01:54.302425,0.0019027143716812134,-0.0009368658065795898
14:01:54.549100,0.0005888044834136963,-0.0012121498584747314
14:01:54.868617,-0.0007969141006469727,0.0010595321655273438
14:01:55.133228,-0.0009126514196395874,0.00250360369682312
14:01:55.173539,-0.0011954456567764282,0.002422630786895752
14:01:55.252916,0.0005815625190734863,-0.000631183385848999
14:01:55.985662,0.0005791932344436646,-0.002715498208999634
14:01:56.116192,0.0013396739959716797,-0.001895129680633545
14:01:56.193121,0.0006565451622009277,-0.0014744997024536133
14:01:56.559478,-0.0017039626836776733,0.002436399459838867
14:01:56.676925,0.0006057471036911011,0.0005068480968475342
14:01:56.829731,-0.0012216418981552124,0.0006145238876342773
14:01:56.966182,-0.0010243058204650879,0.0005251169204711914
14:01:57.112181,-0.0006232261657714844,0.0019557178020477295
14:01:57.158831,-0.0006790310144424438,0.0009788572788238525
14:01:57.233094,-0.0007970929145812988,0.0009185373783111572
14:01:57.500261,-0.0012510567903518677,0.0014053583145141602
14:01:57.673513,0.002179577946662903,-0.00254976749420166
14:01:58.048543,0.0011544227600097656,-0.003149062395095825
14:01:58.092201,0.0006715655326843262,-0.001384824514389038
14:01:58.224070,0.0009241104125976562,-0.0010486245155334473
14:01:58.293686,-0.000635489821434021,0.0020191967487335205
14:01:58.448424,0.0007292181253433228,-0.000805586576461792
14:01:58.642930,0.002131029963493347,-0.0010657012462615967
14:01:58.678035,0.0009722858667373657,-0.0008435845375061035
14:01:58.721006,-0.0012818872928619385,0.0005612671375274658
14:01:59.646290,-0.0016362518072128296,0.0013530850410461426
14:01:59.745595,-0.0005894005298614502,0.0011449158191680908
14:02:00.251946,-0.0005074739456176758,0.0009605288505554199
14:02:00.383066,-0.0012370645999908447,0.0016467571258544922
14:02:00.461099,-0.0007543861865997314,0.0028148889541625977
14:02:00.541041,-0.0019795000553131104,0.0005328655242919922
14:02:00.628312,-0.001345798373222351,0.0012504756450653076
14:02:00.959394,0.0018850862979888916,-0.0009088218212127686
14:02:01.134733,-0.0007371604442596436,0.002002149820327759
14:02:01.172292,-0.0005611032247543335,0.0016369521617889404
14:02:01.449933,-0.0005961507558822632,0.0006601512432098389
14:02:01.672676,0.000920608639717102,-0.0029281973838806152
14:02:01.908103,0.001156434416770935,-0.0013423562049865723
14:02:01.945142,0.0005667954683303833,-0.0037938058376312256
14:02:02.114338,0.000685572624206543,0.001308441162109375
14:02:02.697842,0.0010384172201156616,-0.0015261173248291016
14:02:02.972341,-0.0013606250286102295,0.0022933781147003174
14:02:03.433967,-0.0005525350570678711,0.0018740594387054443
14:02:03.477641,-0.0011963844299316406,0.0012081265449523926
14:02:03.588085,-0.0005363821983337402,0.0021886229515075684
14:02:03.875562,0.0021770745515823364,-0.0009076297283172607
14:02:03.914609,0.0010198801755905151,-0.0025430023670196533
14:02:04.187980,-0.0018369853496551514,0.0007345974445343018
14:02:04.347312,0.001767680048942566,0.0008576512336730957
14:02:04.596313,0.0017628669738769531,-0.0028951168060302734
14:02:04.827410,-0.0007307231426239014,0.0014927387237548828
14:02:04.950219,-0.0005220025777816772,0.003226161003112793
14:02:05.035234,-0.0015197843313217163,0.001155465841293335
14:02:05.075856,-0.0014234185218811035,0.0030060410499572754
14:02:05.272260,0.0012958049774169922,-0.0005256235599517822
14:02:05.354999,0.0014183372259140015,-0.006892889738082886
14:02:05.832308,0.0008520781993865967,0.0010034739971160889
14:02:05.948166,0.0006078481674194336,0.0005190372467041016
14:02:06.208705,-0.0005806386470794678,0.0025203824043273926
14:02:06.544226,0.0012413561344146729,-0.002462059259414673
14:02:06.581868,-0.0012458264827728271,0.0007622241973876953
14:02:06.672622,-0.0014685988426208496,0.0013774633407592773
14:02:06.973131,-0.0008719563484191895,0.0032455623149871826
14:02:07.096020,0.0018243789672851562,-0.001281142234802246
14:02:07.502303,-0.0007683634757995605,0.0007322132587432861
14:02:07.804977,0.0015534013509750366,-0.0005920827388763428
14:02:07.854248,0.0005160868167877197,-0.0008129477500915527
14:02:07.888423,-0.0005051344633102417,0.0018541216850280762
14:02:08.000450,-0.0005635768175125122,0.0012576580047607422
14:02:08.332399,0.0005889087915420532,-0.001057356595993042
14:02:08.368955,0.0010592937469482422,-0.0014336109161376953
14:02:08.408087,-0.0014114677906036377,0.0017420053482055664
14:02:08.520746,-0.0006709098815917969,0.0006531774997711182
14:02:08.802939,0.001255527138710022,-0.003959357738494873
14:02:09.130572,-0.0019936561584472656,0.0010225772857666016
14:02:09.204838,0.0007085800170898438,-0.0016661882400512695
14:02:09.391148,0.0005530714988708496,-0.0015034675598144531
14:02:09.628775,0.0016887187957763672,-0.00058707594871521
14:02:09.786834,-0.0012121349573135376,0.0011187493801116943
14:02:09.998203,0.0011960864067077637,-0.0014525949954986572
14:02:10.162927,0.000507742166519165,-0.002212435007095337
14:02:10.240801,-0.001673579216003418,0.000700533390045166
14:02:10.435945,-0.001141086220741272,0.000591963529586792
14:02:10.617073,-0.0016762614250183105,0.001342177391052246
14:02:10.940232,0.0013193786144256592,-0.0021677613258361816
14:02:11.156848,-0.0006257742643356323,0.0010361969470977783
14:02:11.276176,0.0008535087108612061,0.0012453794479370117
14:02:12.681099,-0.0005556643009185791,0.000870436429977417
14:02:13.280167,0.0007671862840652466,-0.0008908510208129883
14:02:13.355001,-0.0012740641832351685,0.0005159080028533936
14:02:14.029784,-0.0016137659549713135,0.0011855363845825195
14:02:15.118147,0.0006748437881469727,-0.003166705369949341
14:02:15.636930,-0.0026647746562957764,0.0013113319873809814
14:02:16.002224,-0.0015743076801300049,0.003200024366378784
14:02:16.193473,0.0009222030639648438,-0.0012325942516326904
14:02:16.297480,0.0009901374578475952,-0.0009184777736663818
14:02:16.482700,-0.0011902004480361938,0.0008188784122467041
14:02:16.563455,-0.0006814897060394287,0.0007153749465942383
14:02:16.751705,0.0016553103923797607,-0.0015249848365783691
14:02:16.945933,0.0008596479892730713,-0.0015767216682434082
14:02:17.052373,-0.0006783902645111084,0.0010719597339630127
14:02:17.431739,0.0008206963539123535,-0.0007439553737640381
14:02:17.638279,-0.0016405582427978516,0.0010016560554504395
14:02:17.780409,-0.0008141547441482544,0.002049267292022705
14:02:18.305030,0.0013224780559539795,-0.0024569034576416016
14:02:18.575630,-0.0019463598728179932,0.0018631219863891602
14:02:19.101140,0.0013356506824493408,-0.0013974010944366455
14:02:19.250193,-0.0013755559921264648,0.0009405910968780518
14:02:19.331760,-0.0017084628343582153,0.0024178624153137207
14:02:19.707192,0.0021263211965560913,-0.0021088719367980957
14:02:19.785939,0.0005726814270019531,-0.000998467206954956
14:02:20.596062,0.0007131993770599365,-0.002829819917678833
14:02:20.741269,0.0019582509994506836,-0.0014390349388122559
14:02:20.864290,-0.0005884021520614624,0.0013383924961090088
14:02:21.288451,0.0006501525640487671,-0.0007104277610778809
14:02:21.433217,0.0016081184148788452,-0.002584993839263916
14:02:21.767417,-0.0005464106798171997,0.0011756718158721924
14:02:22.529635,0.0010847002267837524,-0.005225688219070435
14:02:22.598402,0.0013059228658676147,-0.0015519261360168457
14:02:22.634934,-0.0027077198028564453,0.0005317032337188721
14:02:22.672975,-0.0014364272356033325,0.001392066478729248
14:02:22.786326,-0.0012893527746200562,0.003262132406234741
14:02:22.894301,-0.0025472939014434814,0.0008337199687957764
14:02:22.999977,-0.0013156235218048096,0.001166224479675293
14:02:23.206022,0.0019226670265197754,-0.00395539402961731
14:02:23.499356,-0.000674322247505188,0.001671522855758667
14:02:23.536887,0.0010514706373214722,0.0011039376258850098
14:02:23.683334,0.0021319985389709473,-0.0005738437175750732
14:02:23.938684,-0.0008716881275177002,0.0011807680130004883
14:02:24.009394,-0.0012844949960708618,0.001893460750579834
14:02:24.205990,-0.0016718655824661255,0.0009410679340362549
14:02:24.318783,0.0007361918687820435,-0.0005786716938018799
14:02:24.499281,0.0009599775075912476,-0.0007210969924926758
14:02:24.603227,0.0008233785629272461,-0.0012389719486236572
14:02:24.642456,-0.0015745460987091064,0.0008792579174041748
14:02:24.912992,-0.0016282051801681519,0.0006046593189239502
14:02:24.983240,-0.0028701424598693848,0.0005865395069122314
14:02:25.057010,-0.0006982535123825073,-0.0006277561187744141
14:02:25.362853,0.0012019425630569458,-0.0008197426795959473
14:02:25.403402,-0.0011021941900253296,0.0011331140995025635
14:02:25.439355,0.0006118714809417725,-0.0019080042839050293
14:02:25.690953,0.001520305871963501,-0.0013689100742340088
14:02:26.487832,-0.0005274116992950439,0.0011345744132995605
14:02:26.797307,-0.0005940496921539307,0.0005219876766204834
14:02:26.840954,-0.002423018217086792,0.0034629106521606445
14:02:27.094202,0.0006650835275650024,-0.001239180564880371
14:02:27.241008,0.0015428811311721802,-0.0005472004413604736
14:02:27.521737,-0.0007743239402770996,0.0008504092693328857
14:02:27.860118,-0.0006354153156280518,0.0016363561153411865
14:02:28.051265,0.0010048598051071167,-0.0018570423126220703
14:02:28.642295,0.001215025782585144,-0.0010278820991516113
14:02:28.679878,-0.0006389468908309937,0.0025483369827270508
14:02:29.017854,0.0007329881191253662,-0.0013341307640075684
14:02:29.190655,0.0016957372426986694,-0.0008869171142578125
14:02:30.624856,0.0015530586242675781,-0.0006518363952636719
14:02:31.427577,-0.0005089938640594482,0.0006902515888214111
14:02:31.638755,0.0018546581268310547,-0.000556260347366333
14:02:31.930510,-0.002171933650970459,0.0021724700927734375
14:02:31.968558,-0.0013657063245773315,0.001334071159362793
14:02:32.226190,-0.0009427070617675781,0.0010376274585723877
14:02:32.330088,0.0014453679323196411,-0.0027222633361816406
14:02:32.436996,0.0018589645624160767,-0.003736138343811035
14:02:32.940029,-0.0014268457889556885,0.0017461180686950684
14:02:33.261815,-0.0016717314720153809,0.001520603895187378
14:02:33.461235,-0.0009065121412277222,0.0010807514190673828
14:02:33.564057,0.0010649561882019043,-0.0010754168033599854
14:02:33.774269,0.0012716054916381836,-0.001274794340133667
14:02:34.666983,-0.001351773738861084,0.0029107332229614258
14:02:34.701784,-0.0007623285055160522,0.0015985965728759766
14:02:35.039939,0.0005558282136917114,-0.002281785011291504
14:02:35.110093,0.00054188072681427,-0.0007494986057281494
14:02:35.593177,-0.0006857961416244507,0.0007772147655487061
14:02:35.662320,-0.0010250657796859741,0.0032787322998046875
14:02:35.711856,-0.0013802200555801392,0.0024515092372894287
14:02:35.757061,-0.0009109079837799072,0.0013764500617980957
14:02:35.792319,-0.0006763935089111328,0.0007226169109344482
14:02:36.184500,-0.0020830482244491577,0.0014101266860961914
14:02:36.252093,0.0007843375205993652,-0.0005204379558563232
14:02:36.285190,0.000787779688835144,-0.0018297135829925537
14:02:36.361676,0.0010845065116882324,-0.000545501708984375
14:02:36.437768,0.0007290542125701904,-0.0016469955444335938
14:02:38.163740,-0.0006948411464691162,0.001912534236907959
14:02:38.331284,-0.000521242618560791,0.001962631940841675
14:02:39.006170,-0.0013226717710494995,0.00052604079246521
14:02:39.189181,0.0014986395835876465,-0.0026761889457702637
14:02:39.711187,-0.0013385862112045288,0.0015499293804168701
14:02:40.355941,-0.0011172890663146973,0.001356750726699829
14:02:40.779349,0.0010164976119995117,0.0007696747779846191
14:02:40.814964,-0.001120343804359436,0.002083897590637207
14:02:41.070123,0.0005612820386886597,-0.0006196200847625732
14:02:41.288043,0.0007617175579071045,-0.0009486377239227295
14:02:41.329201,-0.0006893277168273926,0.0006240904331207275
14:02:41.783073,-0.0006617307662963867,0.0005488097667694092
14:02:42.003118,-0.000662684440612793,0.0006812214851379395
14:02:42.271936,-0.0008184462785720825,0.0010055601596832275
14:02:42.934224,-0.0013168156147003174,0.0010384619235992432
14:02:43.791475,-0.002005070447921753,0.0012651681900024414
14:02:43.857509,0.0005431175231933594,-0.0013151764869689941
14:02:44.000405,-0.001120448112487793,0.001532822847366333
14:02:44.213591,-0.0006542801856994629,-0.0008686184883117676
14:02:44.563899,-0.0006205588579177856,-0.0012593567371368408
14:02:44.736303,-0.0013918578624725342,0.0007079839706420898
14:02:45.013166,0.0007137507200241089,-0.0010332763195037842
14:02:45.302240,0.0008774995803833008,-0.000560462474822998
14:02:45.387345,-0.0010032057762145996,0.0006736516952514648
14:02:45.943100,-0.0012871026992797852,0.0009026527404785156
14:02:46.731380,0.0017610043287277222,-0.0005576610565185547
14:02:46.764966,-0.0009992122650146484,0.0012873411178588867
14:02:46.800492,-0.0007983893156051636,0.0005104243755340576
14:02:46.874153,0.0008234232664108276,-0.001830458641052246
14:02:46.944295,0.0009215176105499268,-0.0007604062557220459
14:02:47.343134,-0.0017714202404022217,-0.0016453564167022705
14:02:47.766960,-0.000632062554359436,0.0009540319442749023
14:02:47.841019,-0.0011548399925231934,0.0005446970462799072
14:02:48.016951,-0.002140238881111145,0.002580791711807251
14:02:48.054717,-0.001248002052307129,0.0010016560554504395
14:02:48.194215,-0.0005160123109817505,0.0005659759044647217
14:02:48.453772,-0.0015090107917785645,-0.0014400184154510498
14:02:48.947553,0.0017912983894348145,-0.0005498528480529785
14:02:49.056863,-0.000629916787147522,0.000994861125946045
14:02:49.137168,0.002233952283859253,-0.0007357299327850342
14:02:49.215012,-0.0006779283285140991,0.0018752515316009521
14:02:49.247046,-0.0006916224956512451,0.00172346830368042
14:02:49.328143,-0.000947996973991394,0.001003950834274292
14:02:49.779948,0.0019153952598571777,-0.000883251428604126
14:02:49.990871,0.0019262433052062988,-0.005430877208709717
14:02:50.070730,0.0007568895816802979,-0.000896453857421875
14:02:50.438354,-0.0010955482721328735,0.0048007965087890625
14:02:50.873124,0.0012291818857192993,-0.0007170438766479492
14:02:51.079232,0.0005009472370147705,-0.0010379254817962646
14:02:51.177057,-0.0005921721458435059,0.0017035305500030518
14:02:51.524293,0.0008013546466827393,0.000858604907989502
14:02:51.841133,0.001544266939163208,-0.002165377140045166
14:02:51.946338,0.0007896572351455688,-0.0007026791572570801
14:02:52.273096,0.0014984160661697388,-0.004226356744766235
14:02:52.978056,-0.0020578205585479736,0.0032218992710113525
14:02:53.125759,-0.0016356110572814941,0.004658490419387817
14:02:53.490844,-0.000986337661743164,0.0008302927017211914
14:02:54.050473,0.0005785077810287476,-0.003717958927154541
14:02:54.382035,-0.0014946609735488892,0.0015365779399871826
14:02:54.596907,0.000993296504020691,-0.0013139545917510986
14:02:54.743490,0.0005326420068740845,-0.001567155122756958
14:02:54.787054,0.0013648569583892822,-0.0007976889610290527
14:02:54.945411,-0.0035053491592407227,0.007139801979064941
14:02:55.024013,0.0006786435842514038,0.00594601035118103
14:02:55.055746,0.0022291839122772217,0.0018279552459716797
14:02:55.102105,0.002481505274772644,0.0032610297203063965
14:02:55.180258,0.0022929608821868896,-0.0005200803279876709
14:02:55.448464,-0.000554308295249939,-0.003107011318206787
14:02:55.480507,-0.003948494791984558,-0.005040556192398071
14:02:55.599652,-0.001370251178741455,-0.000928729772567749
14:02:55.795725,-0.0008987188339233398,-0.002556920051574707
14:02:55.879621,0.0007645338773727417,-0.003926366567611694
14:02:56.440078,-0.0005755871534347534,0.0018337070941925049
14:02:56.625393,0.0019697248935699463,-0.010450631380081177
14:02:56.659977,0.00227220356464386,-0.007555097341537476
14:02:56.692872,0.0005072504281997681,-0.0034310221672058105
14:02:56.728520,-0.0025639384984970093,0.0007560849189758301
14:02:56.870947,-0.0010022222995758057,-0.0006323903799057007
14:02:56.902234,-0.0007599592208862305,-0.001964256167411804
14:02:56.978177,0.0006333738565444946,-0.002526983618736267
14:02:57.273996,0.0025392472743988037,0.0024107247591018677
14:02:57.310045,0.0007148385047912598,0.0007509142160415649
14:02:57.351625,-0.0006544888019561768,0.0024001747369766235
14:02:57.522412,0.0007486045360565186,0.0007806867361068726
14:02:57.963968,-0.0013125687837600708,0.000979587435722351
14:02:58.355804,0.0011422336101531982,0.0005616694688796997
14:02:58.947086,-0.0006504654884338379,0.0032261908054351807
14:02:59.016936,-0.0014872848987579346,0.0023109018802642822
14:02:59.170058,0.0009194016456604004,-0.0008797943592071533
14:02:59.462668,0.0006003528833389282,-0.004525482654571533
14:02:59.952904,-0.003311455249786377,0.0009114444255828857
14:03:00.065656,0.0005615651607513428,0.0006827712059020996
14:03:00.168309,0.0006848722696304321,-0.0012877285480499268
14:03:00.236021,0.0014700740575790405,-0.000662386417388916
14:03:00.464857,-0.0009340792894363403,0.0006751716136932373
14:03:00.540617,-0.0006657242774963379,0.001101851463317871
14:03:00.607218,0.0011823177337646484,-0.0005483925342559814
14:03:00.770064,-0.0010471343994140625,0.0005441009998321533
14:03:01.114881,-0.0022207796573638916,0.0014973580837249756
14:03:01.324401,0.0006289929151535034,-0.0009254217147827148
14:03:01.533638,-0.0016205459833145142,0.0007615387439727783
14:03:01.663187,-0.0013411492109298706,0.00225028395652771
14:03:02.787007,-0.0016136616468429565,0.0005374252796173096
14:03:03.031426,0.0005034506320953369,0.0012154579162597656
14:03:03.125462,0.0008784383535385132,-0.0005793869495391846
14:03:03.668985,-0.0010188370943069458,0.000581890344619751
14:03:04.256238,-0.001292005181312561,0.0014038383960723877
14:03:05.399319,0.0010394454002380371,-0.0015716254711151123
14:03:05.434465,-0.0012913942337036133,0.0024948716163635254
14:03:05.469015,0.002066001296043396,-0.0019721388816833496
14:03:05.616161,0.0007990598678588867,-0.001312345266342163
14:03:05.938873,-0.0006156116724014282,0.0009266436100006104
14:03:06.164764,-0.0012405961751937866,0.0018680989742279053
14:03:06.549399,0.0009133964776992798,-0.0005238056182861328
14:03:06.585489,0.000798448920249939,-0.000819087028503418
14:03:06.772166,0.0005966126918792725,-0.0005391538143157959
14:03:06.875625,0.000592157244682312,-0.0007551014423370361
14:03:07.089007,0.0007646530866622925,-0.000935673713684082
14:03:07.122315,0.0010722428560256958,-0.0034656524658203125
14:03:07.435917,-0.000745236873626709,0.0023515522480010986
14:03:07.871191,-0.0006623268127441406,0.0006000697612762451
14:03:08.551280,-0.001138642430305481,-0.0005246102809906006
14:03:08.993877,-0.001354113221168518,0.0026139914989471436
14:03:09.100562,0.0012098997831344604,-0.0009365677833557129
14:03:09.172863,0.0011607110500335693,-0.0018233954906463623
14:03:09.675384,-0.000855565071105957,0.001015692949295044
14:03:10.242558,-0.0005113333463668823,0.0015534162521362305
14:03:10.475926,-0.0016971230506896973,0.0016026198863983154
14:03:10.832751,0.0008627772331237793,-0.0005128085613250732
14:03:11.041650,-0.002007007598876953,0.0008456110954284668
14:03:11.402869,0.0007526427507400513,0.000566631555557251
14:03:11.658313,-0.001301497220993042,0.0006265640258789062
14:03:11.791800,-0.0005128681659698486,0.0005262196063995361
14:03:12.181178,-0.002683982253074646,0.0012294948101043701
14:03:12.643317,-0.0009663254022598267,0.0009787678718566895
14:03:13.883021,0.0017423182725906372,-0.0016030967235565186
14:03:14.055783,-0.0015291422605514526,0.00304606556892395
14:03:14.201179,0.0014885365962982178,-0.0020589232444763184
14:03:14.395506,0.0008743256330490112,-0.002952873706817627
14:03:14.615322,-0.00141163170337677,0.0017121732234954834
14:03:14.692991,-0.0023621022701263428,0.0006020665168762207
14:03:14.772612,0.0008247196674346924,-0.0011773109436035156
14:03:14.836893,0.0014258474111557007,-0.0005553364753723145
14:03:15.247176,-0.0010538101196289062,0.001336514949798584
14:03:16.061164,-0.0005568265914916992,0.0009021162986755371
14:03:16.598084,0.0016649067401885986,-0.0006799697875976562
14:03:17.115165,-0.0014649778604507446,0.002119302749633789
14:03:17.234504,0.0016293227672576904,-0.0035706758499145508
