Timestamp,Left Pupil,Right Pupil
15:01:45.692017,"(185, 167)","(253, 165)"
15:01:45.881754,"(184, 166)","(253, 164)"
15:01:45.978710,"(189, 166)","(256, 164)"
15:01:46.089963,"(189, 165)","(257, 163)"
15:01:46.196643,"(189, 165)","(257, 163)"
15:01:46.290722,"(189, 165)","(257, 163)"
15:01:46.384277,"(189, 165)","(257, 163)"
15:01:46.479477,"(192, 161)","(260, 161)"
15:01:46.588062,"(192, 161)","(263, 155)"
15:01:46.679655,"(193, 162)","(261, 160)"
15:01:46.773998,"(194, 162)","(262, 159)"
15:01:46.870135,"(194, 162)","(262, 159)"
15:01:46.975254,"(186, 162)","(254, 162)"
15:01:47.086618,"(185, 162)","(254, 161)"
15:01:47.193872,"(186, 163)","(254, 162)"
15:01:47.303495,"(186, 163)","(254, 162)"
15:01:47.417708,"(186, 164)","(255, 162)"
15:01:47.522781,"(186, 164)","(254, 162)"
15:01:47.631906,"(185, 165)","(254, 163)"
15:01:47.723715,"(186, 166)","(254, 163)"
15:01:47.832276,"(186, 166)","(255, 163)"
15:01:47.940657,"(186, 165)","(254, 163)"
15:01:48.050422,"(186, 157)","(254, 160)"
15:01:48.156333,"(186, 157)","(254, 158)"
15:01:48.265019,"(186, 157)","(254, 158)"
15:01:48.373609,"(186, 161)","(254, 160)"
15:01:48.485287,"(186, 164)","(255, 162)"
15:01:48.594153,"(186, 164)","(255, 162)"
15:01:48.698775,"(184, 164)","(254, 162)"
15:01:48.789945,"(184, 164)","(254, 162)"
15:01:48.900913,"(185, 164)","(255, 162)"
15:01:49.010653,"(186, 164)","(255, 162)"
15:01:49.102964,"(187, 164)","(255, 163)"
15:01:49.194015,"(187, 164)","(255, 162)"
15:01:49.288707,"(186, 165)","(255, 163)"
15:01:49.397005,"(186, 164)","(254, 162)"
15:01:49.507732,"(185, 166)","(253, 164)"
15:01:49.634805,"(185, 167)","(253, 165)"
15:01:49.739009,"(184, 167)","(253, 165)"
15:01:49.855078,"(185, 168)","(253, 166)"
15:01:49.977244,"(185, 168)","(254, 166)"
15:01:50.086068,"(185, 167)","(254, 166)"
15:01:50.189709,"(185, 168)","(254, 166)"
15:01:50.290696,"(185, 168)","(253, 166)"
15:01:50.407867,"(184, 169)","(253, 167)"
15:01:50.514342,"(184, 168)","(252, 167)"
15:01:50.630409,"(184, 168)","(252, 166)"
15:01:50.735380,"(184, 167)","(253, 166)"
15:01:50.841127,"(184, 165)","(252, 163)"
15:01:50.939982,"(184, 164)","(252, 163)"
15:01:51.045543,"(183, 164)","(252, 163)"
15:01:51.151009,"(183, 164)","(252, 163)"
15:01:51.266068,"(183, 165)","(252, 164)"
15:01:51.369624,"(184, 165)","(251, 163)"
15:01:51.481892,"(184, 165)","(252, 163)"
15:01:51.600934,"(183, 166)","(252, 164)"
15:01:51.716477,"(182, 166)","(251, 164)"
15:01:51.816848,"(182, 167)","(251, 165)"
15:01:51.928072,"(182, 167)","(251, 165)"
15:01:52.038087,"(182, 166)","(251, 165)"
15:01:52.141020,"(182, 167)","(251, 165)"
15:01:52.248633,"(181, 166)","(250, 164)"
15:01:52.363868,"(183, 167)","(251, 165)"
15:01:52.466094,"(182, 167)","(251, 165)"
15:01:52.576113,"(181, 166)","(250, 164)"
15:01:52.672143,"(181, 166)","(250, 164)"
15:01:52.782492,"(182, 166)","(251, 164)"
15:01:52.886371,"(182, 165)","(251, 163)"
15:01:52.994059,"(183, 165)","(252, 163)"
15:01:53.118817,"(182, 163)","(251, 162)"
15:01:53.232735,"(182, 163)","(251, 163)"
15:01:53.357108,"(183, 161)","(251, 163)"
15:01:53.481941,,
15:01:53.585065,,
15:01:53.689022,"(182, 162)","(249, 163)"
15:01:53.795780,,
15:01:53.902531,,
15:01:54.018719,"(182, 164)","(252, 163)"
15:01:54.121734,"(182, 163)","(251, 163)"
15:01:54.217827,"(182, 163)","(251, 163)"
15:01:54.327286,"(182, 162)","(251, 163)"
15:01:54.433478,"(181, 160)","(251, 162)"
15:01:54.543725,"(181, 159)","(250, 161)"
15:01:54.664581,"(179, 158)","(248, 161)"
15:01:54.794666,"(180, 158)","(247, 160)"
15:01:54.928866,"(177, 159)","(248, 162)"
15:01:55.055714,"(177, 159)","(247, 161)"
15:01:55.175546,"(178, 161)","(248, 161)"
15:01:55.285799,,
15:01:55.414563,,
15:01:55.534511,"(183, 165)","(251, 162)"
15:01:55.640928,"(182, 165)","(250, 163)"
15:01:55.787713,"(180, 165)","(249, 162)"
15:01:55.905542,"(179, 166)","(249, 163)"
15:01:56.024473,"(181, 166)","(249, 164)"
15:01:56.142124,"(181, 166)","(249, 164)"
15:01:56.262821,"(182, 167)","(250, 165)"
15:01:56.384923,"(182, 167)","(250, 165)"
15:01:56.505946,"(182, 168)","(250, 166)"
15:01:56.649683,"(181, 167)","(250, 165)"
15:01:56.776805,"(181, 166)","(250, 164)"
15:01:56.897840,"(180, 165)","(249, 163)"
15:01:57.034691,"(180, 165)","(249, 164)"
15:01:57.174170,"(179, 165)","(248, 164)"
15:01:57.321154,"(180, 165)","(248, 164)"
15:01:57.453852,"(180, 165)","(249, 163)"
15:01:57.592996,"(180, 165)","(249, 163)"
15:01:57.731662,"(180, 164)","(249, 163)"
15:01:57.855471,"(180, 165)","(249, 163)"
15:01:57.983526,"(180, 165)","(249, 163)"
15:01:58.109985,"(181, 165)","(249, 163)"
15:01:58.231958,"(180, 164)","(249, 163)"
15:01:58.359086,"(180, 164)","(249, 163)"
15:01:58.489095,"(180, 165)","(249, 163)"
15:01:58.613833,"(180, 165)","(249, 163)"
15:01:58.740350,"(180, 164)","(249, 163)"
15:01:58.859400,,
15:01:58.972512,,
15:01:59.095993,"(180, 166)","(249, 164)"
15:01:59.220423,"(180, 165)","(249, 164)"
15:01:59.327881,"(180, 165)","(249, 164)"
15:01:59.439409,"(180, 165)","(249, 163)"
15:01:59.555856,"(180, 165)","(249, 163)"
15:01:59.668869,"(179, 165)","(249, 164)"
15:01:59.796941,"(179, 165)","(248, 164)"
15:01:59.913136,"(180, 164)","(249, 163)"
15:02:00.027132,"(178, 163)","(248, 162)"
15:02:00.150889,"(180, 163)","(249, 162)"
15:02:00.262915,,
15:02:00.371208,"(180, 165)","(248, 164)"
15:02:00.493834,"(180, 165)","(249, 164)"
15:02:00.601038,"(180, 165)","(248, 163)"
15:02:00.704661,"(180, 165)","(249, 163)"
15:02:00.817223,"(180, 165)","(249, 163)"
15:02:00.922623,"(180, 165)","(249, 163)"
15:02:01.032219,"(180, 165)","(249, 163)"
15:02:01.140053,"(180, 165)","(249, 163)"
15:02:01.254115,"(180, 165)","(249, 164)"
15:02:01.363845,"(180, 165)","(249, 164)"
15:02:01.467476,"(180, 165)","(249, 164)"
15:02:01.578693,"(180, 166)","(249, 164)"
15:02:01.704071,"(180, 166)","(249, 164)"
15:02:01.808654,"(179, 166)","(249, 164)"
15:02:01.924619,"(178, 166)","(248, 164)"
15:02:02.058750,"(178, 167)","(247, 165)"
15:02:02.183669,"(178, 168)","(247, 165)"
15:02:02.320706,"(178, 169)","(247, 166)"
15:02:02.453767,"(179, 169)","(247, 166)"
15:02:02.591218,"(179, 169)","(248, 166)"
15:02:02.735744,"(179, 169)","(248, 166)"
15:02:02.864314,"(179, 168)","(248, 166)"
15:02:02.987101,"(188, 168)","(256, 164)"
15:02:03.106539,"(193, 167)","(261, 163)"
15:02:03.234084,"(195, 167)","(262, 163)"
15:02:03.579298,"(195, 167)","(262, 163)"
15:02:04.005712,"(194, 166)","(261, 163)"
15:02:04.131931,"(194, 166)","(261, 163)"
15:02:04.256895,"(194, 166)","(261, 163)"
15:02:04.386743,"(194, 166)","(261, 163)"
15:02:04.521008,"(193, 167)","(261, 164)"
15:02:04.714998,"(193, 167)","(260, 164)"
15:02:04.885560,"(193, 166)","(260, 164)"
15:02:05.136015,"(192, 166)","(260, 163)"
15:02:05.273315,"(191, 167)","(259, 164)"
15:02:05.432078,"(185, 168)","(253, 165)"
15:02:05.572370,"(184, 169)","(253, 166)"
15:02:05.707588,"(183, 168)","(252, 166)"
15:02:05.846580,"(183, 168)","(251, 166)"
15:02:05.985171,"(183, 168)","(251, 166)"
15:02:06.122673,,
15:02:06.245288,"(183, 170)","(250, 167)"
15:02:06.392733,"(189, 168)","(256, 166)"
15:02:06.532809,"(189, 168)","(256, 165)"
15:02:06.691635,"(190, 168)","(258, 165)"
15:02:06.863915,"(190, 167)","(258, 165)"
15:02:06.992007,"(190, 167)","(257, 164)"
15:02:07.137970,"(190, 167)","(258, 164)"
15:02:07.273900,"(190, 167)","(258, 164)"
15:02:07.421723,"(190, 167)","(258, 164)"
15:02:07.547348,"(190, 167)","(257, 164)"
15:02:07.675442,"(190, 167)","(257, 164)"
15:02:07.814468,,
15:02:08.014864,"(188, 168)","(255, 166)"
15:02:08.197509,"(185, 169)","(253, 166)"
15:02:08.387753,"(183, 168)","(251, 166)"
15:02:08.590731,"(181, 167)","(249, 165)"
15:02:08.776071,"(183, 166)","(251, 163)"
15:02:08.977067,"(189, 165)","(256, 162)"
15:02:09.146287,"(196, 165)","(262, 162)"
15:02:09.351933,"(199, 165)","(265, 162)"
15:02:09.555745,"(202, 166)","(267, 162)"
15:02:09.759687,"(204, 164)","(268, 161)"
15:02:09.937822,"(205, 163)","(270, 160)"
15:02:10.130388,"(199, 164)","(265, 161)"
15:02:10.301060,"(192, 163)","(261, 161)"
15:02:10.487521,"(194, 162)","(262, 160)"
15:02:10.675916,"(196, 161)","(263, 159)"
15:02:10.891989,"(198, 162)","(265, 160)"
15:02:11.064039,"(200, 163)","(266, 161)"
15:02:11.267853,"(199, 164)","(265, 162)"
15:02:11.471088,"(190, 164)","(258, 162)"
15:02:11.658901,"(182, 165)","(251, 164)"
15:02:11.859078,"(179, 165)","(248, 164)"
15:02:12.023631,"(178, 165)","(248, 165)"
15:02:12.226168,"(179, 165)","(247, 165)"
15:02:12.397830,"(179, 165)","(247, 165)"
15:02:12.614652,,
15:02:12.817616,"(179, 166)","(247, 165)"
15:02:13.000208,"(179, 166)","(247, 165)"
15:02:13.207250,"(180, 165)","(248, 164)"
15:02:13.441147,"(180, 163)","(249, 162)"
15:02:13.642674,"(178, 160)","(246, 159)"
15:02:13.857308,,
15:02:14.072246,,
15:02:14.271108,"(173, 164)","(241, 163)"
15:02:14.474926,"(176, 161)","(244, 161)"
15:02:14.661878,"(179, 160)","(246, 160)"
15:02:14.863648,"(182, 160)","(249, 159)"
15:02:15.065702,"(183, 160)","(249, 160)"
15:02:15.282963,"(183, 159)","(250, 158)"
15:02:15.497151,"(184, 159)","(251, 158)"
15:02:15.699888,"(183, 158)","(250, 157)"
15:02:15.918081,"(183, 158)","(251, 157)"
15:02:16.119269,"(184, 158)","(250, 156)"
15:02:16.318852,"(182, 158)","(249, 157)"
15:02:16.533807,"(178, 159)","(246, 158)"
15:02:16.737137,"(178, 165)","(243, 164)"
15:02:16.956324,,
15:02:17.153495,,
15:02:17.358688,,
15:02:17.543791,,
15:02:17.725108,,
15:02:17.913184,,
15:02:18.114467,,
15:02:18.317800,,
15:02:18.504741,"(176, 160)","(245, 162)"
15:02:18.708723,,
15:02:18.910061,,
15:02:19.098756,,
15:02:19.293430,,
15:02:19.485729,,
15:02:19.673469,,
15:02:19.874702,"(180, 166)","(248, 165)"
15:02:20.043022,"(180, 164)","(248, 164)"
15:02:20.242517,,
15:02:20.429772,,
15:02:20.615729,,
15:02:20.819013,"(183, 164)","(251, 162)"
15:02:20.988809,,
15:02:21.174903,,
15:02:21.362733,"(183, 163)","(251, 163)"
15:02:21.567153,"(183, 163)","(252, 161)"
15:02:21.739003,,
15:02:21.948186,"(176, 159)","(244, 159)"
15:02:22.132062,,
15:02:22.337781,,
15:02:22.540266,,
15:02:22.727302,,
15:02:22.941993,,
15:02:23.128075,,
15:02:23.327750,,
15:02:23.537499,,
15:02:23.744898,,
15:02:23.962359,,
15:02:24.165399,"(170, 160)","(237, 161)"
15:02:24.366813,"(170, 160)","(237, 161)"
15:02:24.562007,,
15:02:24.757102,,
15:02:24.956015,,
15:02:25.172361,,
15:02:25.374097,,
15:02:25.575775,,
15:02:25.791114,,
15:02:25.957945,,
15:02:26.165865,,
15:02:26.366744,,
15:02:26.552169,,
15:02:26.753613,,
15:02:26.939012,,
15:02:27.137951,,
15:02:27.347403,,
15:02:27.537081,,
15:02:27.742847,,
15:02:27.960617,,
15:02:28.163974,,
15:02:28.366767,,
15:02:28.552609,,
15:02:28.750964,,
15:02:28.928625,,
15:02:29.107478,,
15:02:29.297763,,
15:02:29.493908,"(168, 161)","(235, 163)"
15:02:29.713775,,
15:02:29.929758,,
15:02:30.132888,,
15:02:30.333067,,
15:02:30.502652,,
15:02:30.707091,,
15:02:30.899834,,
15:02:31.094782,,
15:02:31.294706,,
15:02:31.510671,,
15:02:31.712259,,
15:02:31.897661,,
15:02:32.099079,,
15:02:32.287128,,
15:02:32.484042,,
15:02:32.672406,,
15:02:32.888896,,
15:02:33.079329,,
15:02:33.260985,"(173, 160)","(241, 161)"
15:02:33.477579,,
15:02:33.680870,"(172, 162)","(241, 163)"
15:02:33.893522,"(173, 161)","(240, 162)"
15:02:34.096707,,
15:02:34.267841,,
15:02:34.470671,,
15:02:34.670862,"(174, 161)","(242, 162)"
15:02:34.844061,,
15:02:35.059793,,
15:02:35.259275,,
15:02:35.445911,,
15:02:35.632072,"(169, 161)","(237, 164)"
15:02:35.815245,,
15:02:36.020115,,
15:02:36.235978,,
15:02:36.424495,,
15:02:36.641464,"(179, 162)","(247, 163)"
15:02:36.842001,"(179, 161)","(247, 162)"
15:02:37.018010,,
15:02:37.217679,,
15:02:37.419583,,
15:02:37.603419,,
15:02:37.802400,,
15:02:38.023047,,
15:02:38.224741,,
15:02:38.412403,,
15:02:38.598956,,
15:02:38.766704,,
15:02:38.956204,,
15:02:39.152862,,
15:02:39.362967,,
15:02:39.563662,,
15:02:39.764081,,
15:02:39.967609,,
15:02:40.169831,,
15:02:40.341891,"(180, 162)","(248, 162)"
15:02:40.553332,,
15:02:40.772747,,
15:02:40.977755,,
15:02:41.177305,,
15:02:41.356037,,
15:02:41.564787,,
15:02:41.734994,,
15:02:41.931919,,
15:02:42.122969,,
15:02:42.308727,,
15:02:42.477939,,
15:02:42.665383,"(176, 163)","(244, 163)"
15:02:42.835170,,
15:02:43.017924,"(177, 161)","(245, 161)"
15:02:43.193201,"(176, 162)","(244, 162)"
15:02:43.394072,"(175, 162)","(243, 162)"
15:02:43.579450,"(175, 162)","(242, 162)"
15:02:43.795358,"(175, 162)","(242, 162)"
15:02:43.985701,"(175, 163)","(241, 163)"
15:02:44.184823,"(173, 163)","(241, 162)"
15:02:44.382183,"(173, 163)","(240, 162)"
15:02:44.565875,,
15:02:44.768925,,
15:02:44.987520,"(174, 164)","(242, 164)"
15:02:45.187067,"(174, 164)","(242, 162)"
15:02:45.392739,"(175, 163)","(243, 162)"
15:02:45.570415,,
15:02:45.775346,,
15:02:45.960431,"(174, 164)","(240, 164)"
15:02:46.117339,"(176, 164)","(242, 164)"
15:02:46.315826,"(176, 163)","(243, 164)"
15:02:46.501185,"(177, 165)","(245, 166)"
15:02:46.689647,"(176, 164)","(243, 164)"
15:02:46.876794,"(173, 164)","(241, 164)"
15:02:47.047428,"(174, 165)","(242, 166)"
15:02:47.228971,"(174, 167)","(242, 167)"
15:02:47.407665,"(175, 167)","(244, 169)"
15:02:47.595067,"(177, 167)","(245, 168)"
15:02:47.775268,"(177, 166)","(245, 167)"
15:02:47.968964,"(176, 166)","(244, 168)"
15:02:48.153478,"(177, 166)","(244, 168)"
15:02:48.347766,"(181, 165)","(249, 166)"
15:02:48.537475,"(181, 166)","(249, 167)"
15:02:48.739084,"(178, 164)","(246, 164)"
15:02:48.937024,"(177, 167)","(246, 167)"
15:02:49.108727,"(177, 168)","(245, 168)"
15:02:49.279144,"(173, 167)","(242, 167)"
15:02:49.466149,"(172, 167)","(240, 167)"
15:02:49.648835,"(171, 166)","(239, 167)"
15:02:49.854012,"(171, 167)","(239, 166)"
15:02:50.037933,"(172, 168)","(239, 167)"
15:02:50.238846,"(172, 168)","(240, 167)"
15:02:50.411138,"(172, 167)","(240, 167)"
15:02:50.621404,"(174, 164)","(242, 165)"
15:02:50.816393,"(174, 164)","(242, 165)"
15:02:51.003638,"(170, 167)","(239, 166)"
15:02:51.205045,"(170, 166)","(238, 166)"
15:02:51.407797,"(170, 167)","(239, 166)"
15:02:51.580605,"(171, 166)","(239, 166)"
15:02:51.780439,"(173, 166)","(243, 166)"
15:02:51.975554,"(174, 165)","(243, 165)"
15:02:52.154484,"(174, 165)","(242, 165)"
15:02:52.336145,,
15:02:52.505637,,
15:02:52.703864,"(172, 170)","(240, 169)"
15:02:52.893880,"(172, 167)","(240, 167)"
15:02:53.079927,"(171, 165)","(240, 166)"
15:02:53.254471,"(171, 166)","(240, 168)"
15:02:53.424151,"(171, 165)","(239, 168)"
15:02:53.596751,"(172, 165)","(240, 166)"
15:02:53.802726,"(174, 165)","(242, 166)"
15:02:53.993384,"(174, 167)","(242, 166)"
15:02:54.186611,"(174, 167)","(242, 166)"
15:02:54.373140,"(173, 168)","(241, 167)"
15:02:54.560070,"(173, 168)","(242, 167)"
15:02:54.761104,"(168, 167)","(237, 168)"
15:02:54.915733,"(167, 167)","(236, 167)"
15:02:55.116774,"(167, 168)","(235, 167)"
15:02:55.303408,"(166, 167)","(235, 167)"
15:02:55.508680,"(167, 167)","(236, 168)"
15:02:55.685340,"(168, 168)","(236, 168)"
15:02:55.874156,"(171, 164)","(237, 164)"
15:02:56.064591,"(168, 168)","(236, 167)"
15:02:56.252186,"(167, 168)","(235, 168)"
15:02:56.438021,"(166, 167)","(235, 168)"
15:02:56.625627,"(167, 167)","(236, 168)"
15:02:56.828781,"(168, 167)","(237, 167)"
15:02:56.997039,,
15:02:57.201428,"(172, 166)","(241, 166)"
15:02:57.391669,"(173, 166)","(239, 165)"
15:02:57.593289,"(172, 166)","(239, 165)"
15:02:57.788609,"(172, 166)","(239, 166)"
15:02:57.971059,"(172, 167)","(240, 167)"
15:02:58.151261,"(170, 167)","(239, 167)"
15:02:58.369739,"(170, 170)","(239, 169)"
15:02:58.553903,"(170, 175)","(239, 173)"
15:02:58.751598,"(165, 176)","(235, 174)"
15:02:58.923896,"(166, 176)","(234, 173)"
15:02:59.119195,"(167, 175)","(236, 173)"
15:02:59.299054,"(166, 174)","(233, 172)"
15:02:59.454480,"(163, 174)","(232, 172)"
15:02:59.668723,"(168, 173)","(236, 171)"
15:02:59.839385,"(174, 171)","(245, 163)"
15:03:00.002222,"(173, 170)","(244, 163)"
15:03:00.207511,"(168, 170)","(235, 168)"
15:03:00.362783,"(169, 171)","(236, 169)"
15:03:00.547957,"(171, 170)","(237, 167)"
15:03:00.715499,"(171, 170)","(238, 169)"
15:03:00.905706,"(170, 171)","(236, 168)"
15:03:01.094413,"(167, 171)","(234, 169)"
15:03:01.257117,"(168, 171)","(235, 170)"
15:03:01.418006,"(169, 172)","(236, 170)"
15:03:01.592347,"(170, 172)","(238, 170)"
15:03:01.763544,"(172, 171)","(239, 170)"
15:03:01.931944,"(175, 170)","(243, 170)"
15:03:02.132061,"(175, 171)","(243, 170)"
15:03:02.335555,"(173, 171)","(241, 171)"
15:03:02.519735,"(173, 171)","(240, 171)"
15:03:02.724265,"(173, 171)","(240, 170)"
15:03:02.927340,"(173, 171)","(240, 170)"
15:03:03.099223,"(172, 172)","(242, 172)"
15:03:03.271952,"(167, 167)","(235, 169)"
15:03:03.474758,"(163, 160)","(230, 163)"
15:03:03.656888,"(170, 162)","(236, 163)"
15:03:03.846301,,
15:03:04.016258,,
15:03:04.190999,,
15:03:04.379090,"(180, 164)","(247, 166)"
15:03:04.557195,"(179, 167)","(247, 166)"
15:03:04.747140,"(174, 165)","(243, 165)"
15:03:04.933221,"(174, 165)","(243, 165)"
15:03:05.115454,"(176, 166)","(244, 166)"
15:03:05.304535,"(176, 166)","(244, 166)"
15:03:05.489081,,
15:03:05.676012,,
15:03:05.864208,"(176, 166)","(243, 166)"
15:03:06.051146,"(176, 167)","(244, 167)"
15:03:06.250735,"(175, 167)","(243, 166)"
15:03:06.436882,,
15:03:06.642556,"(175, 165)","(242, 165)"
15:03:06.845140,,
15:03:07.024758,"(176, 163)","(242, 163)"
15:03:07.181033,"(175, 163)","(241, 164)"
15:03:07.372954,,
15:03:07.557110,,
15:03:07.729701,"(173, 163)","(240, 163)"
15:03:07.916376,,
15:03:08.101110,"(174, 162)","(241, 162)"
15:03:08.269825,"(173, 161)","(241, 164)"
15:03:08.454739,,
15:03:08.646820,"(174, 163)","(241, 163)"
15:03:08.830904,,
15:03:09.011821,"(174, 162)","(241, 165)"
15:03:09.215441,,
15:03:09.385855,,
15:03:09.570020,"(174, 163)","(242, 164)"
15:03:09.726577,,
15:03:09.892563,,
15:03:10.096415,,
15:03:10.310180,,
15:03:10.480088,,
15:03:10.690295,,
15:03:10.897366,,
15:03:11.087567,,
15:03:11.262303,"(173, 166)","(242, 166)"
15:03:11.443490,"(173, 162)","(240, 163)"
15:03:11.614020,"(175, 161)","(242, 164)"
15:03:11.788717,,
15:03:11.988802,,
15:03:12.192260,,
15:03:12.374810,,
15:03:12.547322,,
15:03:12.734267,,
15:03:12.917709,"(175, 161)","(243, 161)"
15:03:13.103630,"(175, 159)","(243, 160)"
15:03:13.279714,,
15:03:13.464307,"(177, 163)","(246, 162)"
15:03:13.656182,"(178, 163)","(246, 163)"
15:03:13.857641,,
15:03:14.062235,"(177, 160)","(245, 160)"
15:03:14.235816,"(178, 161)","(245, 161)"
15:03:14.437012,,
15:03:14.623606,,
15:03:14.825227,,
15:03:15.024155,,
15:03:15.191598,,
15:03:15.391920,,
15:03:15.607225,,
15:03:15.795413,,
15:03:15.985891,,
15:03:16.186889,,
15:03:16.397183,,
15:03:16.567479,,
15:03:16.736420,"(179, 159)","(246, 160)"
15:03:16.937924,"(178, 159)","(246, 159)"
15:03:17.156274,,
15:03:17.355698,"(178, 160)","(246, 160)"
15:03:17.543210,,
15:03:17.726564,,
15:03:17.915315,,
15:03:18.118705,,
15:03:18.319480,,
15:03:18.486903,,
15:03:18.674668,,
15:03:18.860099,,
15:03:19.025902,,
15:03:19.230844,"(182, 161)","(248, 161)"
15:03:19.416895,,
15:03:19.617072,"(180, 159)","(247, 160)"
15:03:19.775424,,
15:03:19.957194,,
15:03:20.161094,,
15:03:20.365601,,
15:03:20.534996,,
15:03:20.734877,,
15:03:20.907525,,
15:03:21.093699,,
15:03:21.292975,,
15:03:21.453464,,
15:03:21.625983,,
15:03:21.801090,,
15:03:21.980911,,
15:03:22.157258,,
15:03:22.314564,,
15:03:22.489987,,
15:03:22.673783,,
15:03:22.861903,,
15:03:23.050919,,
15:03:23.221223,,
15:03:23.378877,,
15:03:23.549044,,
15:03:23.707939,,
15:03:23.875747,,
15:03:24.034199,,
15:03:24.202756,,
15:03:24.375666,,
15:03:24.542135,,
15:03:24.697751,,
15:03:24.870978,,
15:03:25.057471,,
15:03:25.247330,,
15:03:25.417222,,
15:03:25.584503,,
15:03:25.743816,,
15:03:25.929726,,
15:03:26.096221,"(175, 158)","(243, 156)"
15:03:26.282258,,
15:03:26.466866,,
15:03:26.624903,,
15:03:26.827444,,
15:03:26.996353,,
15:03:27.163350,,
15:03:27.335437,,
15:03:27.505142,,
15:03:27.662001,,
15:03:27.846027,,
15:03:28.000725,,
15:03:28.171465,,
15:03:28.334418,,
15:03:28.524888,,
15:03:28.694579,,
15:03:28.867517,,
15:03:29.039031,,
15:03:29.224105,,
15:03:29.379673,,
15:03:29.549040,,
15:03:29.704688,,
15:03:29.874198,,
15:03:30.077484,,
15:03:30.265648,,
15:03:30.452091,,
15:03:30.638934,,
15:03:30.838930,,
15:03:31.010919,"(179, 159)","(245, 159)"
15:03:31.154821,"(179, 158)","(245, 159)"
15:03:31.317045,,
15:03:31.504806,,
15:03:31.672504,"(178, 160)","(246, 159)"
15:03:31.843540,"(179, 159)","(246, 159)"
15:03:31.990989,"(179, 159)","(245, 159)"
15:03:32.151194,,
15:03:32.301898,,
15:03:32.461779,,
15:03:32.628606,,
15:03:32.823863,,
15:03:33.015110,,
15:03:33.161764,,
15:03:33.343309,,
15:03:33.510971,,
15:03:33.683892,,
15:03:33.836500,,
15:03:33.974735,,
15:03:34.132612,,
15:03:34.306118,,
15:03:34.491987,,
15:03:34.691247,,
15:03:34.847841,,
15:03:35.004965,,
15:03:35.197961,,
15:03:35.364627,,
15:03:35.553093,,
15:03:35.706831,,
15:03:35.861222,,
15:03:36.049002,,
15:03:36.254188,,
15:03:36.407668,,
15:03:36.558904,,
15:03:36.715821,,
15:03:36.886331,,
15:03:37.051847,,
15:03:37.225719,,
15:03:37.397408,,
15:03:37.564887,,
15:03:37.738727,,
15:03:37.895905,,
15:03:38.066433,,
15:03:38.233960,,
15:03:38.390742,,
15:03:38.564076,"(177, 158)","(244, 158)"
15:03:38.707999,,
15:03:38.873256,,
15:03:39.058728,,
15:03:39.263311,,
15:03:39.442698,,
15:03:39.656609,,
15:03:39.853731,,
15:03:40.041088,,
15:03:40.240743,,
15:03:40.397796,,
15:03:40.567902,,
15:03:40.707919,,
15:03:40.861038,,
15:03:41.018926,,
15:03:41.201925,,
15:03:41.366336,,
15:03:41.551954,,
15:03:41.737812,,
15:03:41.941072,,
15:03:42.145117,,
15:03:42.329981,,
15:03:42.515963,,
15:03:42.702455,,
15:03:42.902916,,
15:03:43.103998,,
15:03:43.289057,,
15:03:43.497253,,
15:03:43.699564,,
15:03:43.870384,,
15:03:44.033979,,
15:03:44.192768,,
15:03:44.347164,,
15:03:44.524629,"(177, 158)","(244, 158)"
15:03:44.691432,,
15:03:44.863349,,
15:03:45.021450,"(177, 158)","(245, 158)"
15:03:45.195834,,
15:03:45.365467,,
15:03:45.566997,,
15:03:45.756157,,
15:03:45.940542,,
15:03:46.113960,,
15:03:46.266692,,
15:03:46.453063,,
15:03:46.651626,,
15:03:46.822074,,
15:03:47.025004,,
15:03:47.209355,,
15:03:47.374154,,
15:03:47.528890,,
15:03:47.706894,,
15:03:47.874333,,
15:03:48.031365,,
15:03:48.201534,,
15:03:48.355655,,
15:03:48.545745,,
15:03:48.716951,,
15:03:48.869591,,
15:03:49.067408,,
15:03:49.211135,,
15:03:49.350654,,
15:03:49.530892,,
15:03:49.706226,,
15:03:49.872816,,
15:03:50.032095,"(178, 156)","(243, 155)"
15:03:50.202665,"(178, 155)","(242, 155)"
15:03:50.373604,"(177, 154)","(242, 154)"
15:03:50.544773,"(175, 155)","(243, 154)"
15:03:50.699653,"(177, 155)","(243, 155)"
15:03:50.871385,"(177, 154)","(242, 155)"
15:03:51.040284,"(178, 155)","(243, 154)"
15:03:51.227887,"(178, 155)","(242, 155)"
15:03:51.397501,"(178, 154)","(243, 154)"
15:03:51.560231,"(178, 154)","(242, 154)"
15:03:51.720823,,
15:03:51.907045,,
15:03:52.079162,"(176, 156)","(241, 156)"
15:03:52.250957,"(177, 155)","(241, 156)"
15:03:52.421289,"(176, 156)","(241, 156)"
15:03:52.590263,"(177, 156)","(242, 155)"
15:03:52.760050,,
15:03:52.900192,"(177, 154)","(242, 154)"
15:03:53.068896,"(177, 154)","(242, 154)"
15:03:53.217863,,
15:03:53.380604,,
15:03:53.531261,"(176, 158)","(243, 158)"
15:03:53.707378,,
15:03:53.861515,,
15:03:54.029165,,
15:03:54.188764,,
15:03:54.370954,"(177, 157)","(242, 156)"
15:03:54.540158,,
15:03:54.708803,,
15:03:54.862806,"(177, 155)","(241, 155)"
15:03:55.032504,"(177, 154)","(241, 155)"
15:03:55.205509,,
15:03:55.374862,,
15:03:55.543273,,
15:03:55.716577,"(179, 161)","(246, 158)"
15:03:55.884462,"(178, 161)","(246, 158)"
15:03:56.040331,"(177, 161)","(245, 160)"
15:03:56.207996,"(176, 161)","(244, 160)"
15:03:56.375043,"(176, 161)","(244, 161)"
15:03:56.550937,"(176, 162)","(245, 161)"
15:03:56.704069,,
15:03:56.875055,,
15:03:57.038699,,
15:03:57.205965,,
15:03:57.372901,"(176, 162)","(245, 162)"
15:03:57.547541,"(176, 162)","(244, 161)"
15:03:57.715991,"(175, 162)","(244, 161)"
15:03:57.869039,"(175, 162)","(244, 162)"
15:03:58.020340,"(175, 162)","(244, 162)"
15:03:58.166980,"(177, 160)","(244, 158)"
15:03:58.333988,"(177, 159)","(244, 158)"
15:03:58.503916,"(176, 162)","(244, 162)"
15:03:58.689044,"(176, 163)","(244, 162)"
15:03:58.882405,"(175, 159)","(242, 159)"
15:03:59.041851,"(175, 159)","(242, 158)"
15:03:59.211990,"(175, 156)","(243, 157)"
15:03:59.385799,,
15:03:59.558952,,
15:03:59.718874,"(170, 153)","(238, 155)"
15:03:59.875432,,
15:04:00.053118,,
15:04:00.209041,"(176, 158)","(243, 157)"
15:04:00.367114,,
15:04:00.520229,,
15:04:00.670001,,
15:04:00.822317,,
15:04:01.018277,,
15:04:01.219187,,
15:04:01.426966,,
15:04:01.607830,,
15:04:01.792322,,
15:04:01.978806,,
15:04:02.116794,"(177, 160)","(243, 158)"
15:04:02.267351,,
15:04:02.417219,,
15:04:02.587050,,
15:04:02.757487,,
15:04:02.960533,,
15:04:03.147295,,
15:04:03.299548,,
15:04:03.480641,,
15:04:03.643936,,
15:04:03.816895,"(178, 161)","(246, 160)"
15:04:03.971124,"(176, 162)","(244, 161)"
15:04:04.122837,"(177, 159)","(244, 158)"
15:04:04.276396,,
15:04:04.435036,"(176, 160)","(245, 159)"
15:04:04.617327,"(177, 159)","(244, 157)"
15:04:04.750127,,
15:04:04.925948,,
15:04:05.074768,"(177, 159)","(245, 157)"
15:04:05.238827,,
15:04:05.396512,,
15:04:05.570139,"(173, 159)","(241, 159)"
15:04:05.721874,"(174, 159)","(241, 159)"
15:04:05.892757,"(174, 158)","(240, 158)"
15:04:06.047203,"(176, 162)","(244, 162)"
15:04:06.207329,"(175, 163)","(244, 162)"
15:04:06.379164,"(175, 162)","(244, 162)"
15:04:06.518897,,
15:04:06.687850,,
15:04:06.858866,,
15:04:07.015542,,
15:04:07.185349,,
15:04:07.342684,,
15:04:07.531013,,
15:04:07.684766,,
15:04:07.839830,,
15:04:08.022981,,
15:04:08.190017,,
15:04:08.378960,"(171, 154)","(239, 157)"
15:04:08.570960,,
15:04:08.737237,,
15:04:08.925277,"(176, 161)","(244, 160)"
15:04:09.108007,"(176, 161)","(243, 160)"
15:04:09.263099,"(175, 162)","(244, 162)"
15:04:09.447051,"(175, 162)","(244, 162)"
15:04:09.603483,"(175, 162)","(244, 162)"
15:04:09.753000,"(176, 160)","(243, 160)"
15:04:09.941785,"(176, 159)","(244, 158)"
15:04:10.100836,,
15:04:10.281217,,
15:04:10.426160,,
15:04:10.604367,"(177, 158)","(244, 157)"
15:04:10.770251,,
15:04:10.928770,,
15:04:11.102191,,
15:04:11.258836,,
15:04:11.414046,,
15:04:11.565977,,
15:04:11.722322,,
15:04:11.891433,"(179, 162)","(247, 161)"
15:04:12.073977,"(178, 162)","(247, 161)"
15:04:12.230374,"(178, 162)","(247, 161)"
15:04:12.411034,"(178, 162)","(246, 161)"
15:04:12.575991,"(178, 162)","(246, 161)"
15:04:12.744684,"(178, 162)","(246, 161)"
15:04:12.893819,,
15:04:13.052858,,
15:04:13.208846,,
15:04:13.363269,"(177, 162)","(246, 161)"
15:04:13.523344,"(177, 161)","(245, 160)"
15:04:13.692537,"(176, 157)","(243, 157)"
15:04:13.857067,,
15:04:14.026011,,
15:04:14.185105,,
15:04:14.350885,"(176, 153)","(240, 154)"
15:04:14.510544,,
15:04:14.676711,,
15:04:14.849213,,
15:04:15.004068,,
15:04:15.170091,,
15:04:15.355603,,
15:04:15.561405,,
15:04:15.726037,,
15:04:15.892352,,
15:04:16.047425,,
15:04:16.190703,,
15:04:16.337257,,
15:04:16.485679,,
15:04:16.653164,,
15:04:16.808340,,
15:04:16.952888,,
15:04:17.101085,,
15:04:17.244419,,
15:04:17.408621,,
15:04:17.549109,,
15:04:17.717631,,
15:04:17.857317,,
15:04:18.041168,,
15:04:18.179350,,
15:04:18.333811,"(175, 161)","(243, 159)"
15:04:18.532298,"(175, 161)","(243, 160)"
15:04:18.703763,"(173, 161)","(243, 160)"
15:04:18.899173,,
15:04:19.082280,,
15:04:19.237242,"(174, 161)","(243, 160)"
15:04:19.407771,,
15:04:19.565369,"(174, 161)","(242, 161)"
15:04:19.710977,"(174, 162)","(242, 161)"
15:04:19.870073,,
15:04:20.028812,"(174, 161)","(243, 161)"
15:04:20.198640,"(174, 161)","(243, 161)"
15:04:20.355163,"(174, 161)","(243, 160)"
15:04:20.516300,,
15:04:20.677992,"(175, 162)","(244, 162)"
15:04:20.864123,"(176, 160)","(244, 164)"
15:04:21.053079,,
15:04:21.250826,,
15:04:21.403004,"(175, 160)","(244, 159)"
15:04:21.572668,,
15:04:21.742802,,
15:04:21.898935,,
15:04:22.082082,,
15:04:22.283878,,
15:04:22.453136,,
15:04:22.616612,,
15:04:22.782643,,
15:04:22.941035,,
15:04:23.111804,,
15:04:23.276914,,
15:04:23.485835,,
15:04:23.671016,"(178, 159)","(247, 160)"
15:04:23.834546,"(178, 159)","(246, 158)"
15:04:24.031087,"(178, 159)","(246, 159)"
15:04:24.210980,,
15:04:24.367012,,
15:04:24.555174,,
15:04:24.705689,,
15:04:24.861779,,
15:04:25.042061,,
15:04:25.195700,,
15:04:25.331340,,
15:04:25.515320,,
15:04:25.684967,,
15:04:25.854023,,
15:04:26.040298,,
15:04:26.207142,,
15:04:26.381336,,
15:04:26.545719,,
15:04:26.717500,,
15:04:26.887021,,
15:04:27.089892,,
15:04:27.245258,"(173, 160)","(240, 161)"
15:04:27.431229,"(173, 162)","(241, 161)"
15:04:27.628786,"(170, 163)","(238, 162)"
15:04:27.801905,"(170, 161)","(238, 161)"
15:04:28.001215,,
15:04:28.169715,,
15:04:28.343746,,
15:04:28.497049,,
15:04:28.691084,,
15:04:28.881991,,
15:04:29.057061,,
15:04:29.251468,,
15:04:29.445512,,
15:04:29.630953,,
15:04:29.836220,,
15:04:29.995432,,
15:04:30.183800,,
15:04:30.357280,,
15:04:30.543335,,
15:04:30.723740,,
15:04:30.897290,,
15:04:31.054286,"(170, 160)","(237, 161)"
15:04:31.254312,,
15:04:31.454448,,
15:04:31.657607,,
15:04:31.843439,,
15:04:32.013778,,
15:04:32.203681,,
15:04:32.382828,,
15:04:32.556984,,
15:04:32.725826,,
15:04:32.876914,,
15:04:33.054197,,
15:04:33.222477,,
15:04:33.380084,,
15:04:33.583262,,
15:04:33.766777,,
15:04:33.938851,,
15:04:34.113263,,
15:04:34.279030,,
15:04:34.447374,,
15:04:34.651196,,
15:04:34.805008,,
15:04:34.975209,,
15:04:35.183912,,
15:04:35.384996,,
15:04:35.599781,,
15:04:35.805159,,
15:04:36.022287,,
15:04:36.218752,,
15:04:36.427541,,
15:04:36.644912,,
15:04:36.846615,,
15:04:37.061242,,
15:04:37.247313,,
15:04:37.445830,,
15:04:37.648930,,
15:04:37.821079,,
15:04:38.024953,,
15:04:38.173171,,
15:04:38.349620,,
15:04:38.537568,,
15:04:38.719637,,
15:04:38.908747,,
15:04:39.054991,,
15:04:39.211477,,
15:04:39.365664,,
15:04:39.538621,,
15:04:39.716907,,
15:04:39.912331,,
15:04:40.095905,,
15:04:40.284977,,
15:04:40.468959,,
15:04:40.686772,,
15:04:40.877744,,
15:04:41.077265,,
15:04:41.279396,,
15:04:41.464646,,
15:04:41.677794,,
15:04:41.865309,,
15:04:42.069976,,
15:04:42.271734,,
15:04:42.450064,,
15:04:42.642026,,
15:04:42.841407,,
15:04:43.031042,,
15:04:43.230701,,
15:04:43.431598,,
15:04:43.599660,,
15:04:43.782136,,
15:04:43.988600,,
15:04:44.176634,"(172, 166)","(240, 164)"
15:04:44.396259,,
15:04:44.581473,,
15:04:44.764462,,
15:04:44.953852,,
15:04:45.156098,,
15:04:45.356955,,
15:04:45.543108,,
15:04:45.730527,,
15:04:45.914914,,
15:04:46.117104,,
15:04:46.320113,,
15:04:46.489686,,
15:04:46.690998,,
15:04:46.890927,,
15:04:47.052198,,
15:04:47.250698,,
15:04:47.431014,,
15:04:47.614279,,
15:04:47.804757,,
15:04:48.002233,,
15:04:48.191070,,
15:04:48.404907,,
15:04:48.601198,,
15:04:48.786245,,
15:04:48.994345,,
15:04:49.194960,,
15:04:49.374795,,
15:04:49.552799,,
15:04:49.753516,,
15:04:49.937975,,
15:04:50.157359,,
15:04:50.352557,,
15:04:50.542673,,
15:04:50.723880,,
15:04:50.912871,,
15:04:51.115609,,
15:04:51.281054,,
15:04:51.480276,"(181, 162)","(250, 159)"
15:04:51.666168,,
15:04:51.827618,"(173, 164)","(241, 163)"
15:04:52.022093,,
15:04:52.213791,,
15:04:52.415963,,
15:04:52.604321,,
15:04:52.788753,,
15:04:52.991842,,
15:04:53.162269,,
15:04:53.358897,,
15:04:53.549821,,
15:04:53.740348,,
15:04:53.901875,,
15:04:54.109091,,
15:04:54.310532,,
15:04:54.511284,,
15:04:54.712797,,
15:04:54.917182,,
15:04:55.132771,,
15:04:55.337253,,
15:04:55.537603,,
15:04:55.743581,,
15:04:55.927768,,
15:04:56.131620,,
15:04:56.333327,,
15:04:56.539062,,
15:04:56.766116,,
15:04:56.981461,,
15:04:57.185307,,
15:04:57.388808,"(174, 175)","(243, 174)"
15:04:57.592453,,
15:04:57.795946,,
15:04:57.995560,,
15:04:58.180545,,
15:04:58.384860,,
15:04:58.548790,,
15:04:58.710213,"(171, 161)","(238, 160)"
15:04:58.874248,,
15:04:59.072091,"(170, 162)","(239, 161)"
15:04:59.257470,"(171, 161)","(239, 161)"
15:04:59.425306,"(173, 161)","(239, 162)"
15:04:59.574010,,
15:04:59.765692,,
15:04:59.971362,,
15:05:00.185682,,
15:05:00.387633,,
15:05:00.607139,,
15:05:00.802395,,
15:05:01.022401,,
15:05:01.222395,,
15:05:01.419665,,
15:05:01.596356,,
15:05:01.794780,,
15:05:01.991193,,
15:05:02.174208,,
15:05:02.368990,,
15:05:02.570257,,
15:05:02.769971,,
15:05:02.967862,,
15:05:03.169700,,
15:05:03.352966,,
15:05:03.551945,,
15:05:03.757530,,
15:05:03.943383,,
15:05:04.141976,,
15:05:04.342382,,
15:05:04.530786,,
15:05:04.712863,,
15:05:04.888852,,
15:05:05.087642,,
15:05:05.291012,,
15:05:05.480596,,
15:05:05.681532,"(171, 166)","(240, 165)"
15:05:05.881609,"(171, 165)","(240, 164)"
15:05:06.048644,"(172, 161)","(239, 162)"
15:05:06.259506,"(172, 162)","(238, 162)"
15:05:06.428063,,
15:05:06.583029,"(171, 162)","(239, 162)"
15:05:06.769750,"(172, 161)","(239, 162)"
15:05:06.950961,"(172, 161)","(239, 162)"
15:05:07.143963,"(171, 162)","(239, 163)"
15:05:07.329698,"(172, 162)","(238, 162)"
15:05:07.514663,,
15:05:07.686260,,
15:05:07.890864,"(175, 160)","(241, 161)"
15:05:08.062115,,
15:05:08.274140,,
15:05:08.477278,,
15:05:08.681291,"(177, 158)","(241, 158)"
15:05:08.883707,,
15:05:09.067952,"(173, 159)","(236, 159)"
15:05:09.269110,"(168, 163)","(236, 164)"
15:05:09.466667,"(168, 164)","(236, 165)"
15:05:09.646913,"(165, 165)","(234, 166)"
15:05:09.856502,"(164, 164)","(233, 165)"
15:05:10.023672,"(166, 167)","(234, 166)"
15:05:10.221717,,
15:05:10.395752,"(171, 165)","(239, 165)"
15:05:10.615705,,
15:05:10.798765,"(182, 161)","(252, 156)"
15:05:10.982688,"(182, 161)","(253, 157)"
15:05:11.180987,"(169, 166)","(237, 165)"
15:05:11.368731,"(167, 166)","(235, 165)"
15:05:11.557675,"(171, 167)","(240, 168)"
15:05:11.776430,,
15:05:11.946914,,
15:05:12.150877,,
15:05:12.332905,"(170, 163)","(237, 166)"
15:05:12.534305,"(169, 164)","(234, 163)"
15:05:12.735342,,
15:05:12.956438,,
15:05:13.159075,,
15:05:13.355547,"(168, 168)","(237, 166)"
15:05:13.575888,"(170, 168)","(237, 166)"
15:05:13.776143,"(170, 168)","(238, 166)"
15:05:13.994881,"(170, 167)","(237, 166)"
15:05:14.196053,"(170, 167)","(238, 166)"
15:05:14.394913,"(170, 166)","(237, 167)"
15:05:14.585797,,
15:05:14.770910,,
15:05:14.937664,,
15:05:15.129143,,
15:05:15.326887,,
15:05:15.516556,,
15:05:15.725844,,
15:05:15.935073,,
15:05:16.150836,,
15:05:16.322565,,
15:05:16.535670,,
15:05:16.741262,,
15:05:16.942629,,
15:05:17.122451,,
15:05:17.318004,,
15:05:17.531506,,
15:05:17.741931,"(162, 163)","(230, 164)"
15:05:17.935087,,
15:05:18.120603,"(163, 161)","(230, 162)"
15:05:18.324813,,
15:05:18.509888,,
15:05:18.712449,,
15:05:18.914256,,
15:05:19.100373,"(177, 164)","(247, 160)"
15:05:19.277432,"(177, 164)","(248, 160)"
15:05:19.485589,,
15:05:19.659827,,
15:05:19.846396,,
15:05:20.031952,,
15:05:20.198862,,
15:05:20.403464,,
15:05:20.585747,,
15:05:20.783531,,
15:05:20.989085,"(168, 168)","(234, 167)"
15:05:21.218091,"(166, 168)","(234, 168)"
15:05:21.376901,"(169, 165)","(235, 165)"
15:05:21.575930,"(170, 165)","(235, 163)"
15:05:21.745677,,
15:05:21.948013,,
15:05:22.117395,,
15:05:22.305318,"(170, 166)","(238, 165)"
15:05:22.503674,,
15:05:22.704916,"(169, 167)","(238, 166)"
15:05:22.890733,"(169, 166)","(237, 166)"
15:05:23.065356,"(168, 167)","(236, 166)"
15:05:23.279882,"(170, 169)","(238, 168)"
15:05:23.478702,"(171, 169)","(239, 168)"
15:05:23.668724,"(171, 166)","(238, 166)"
15:05:23.833163,"(171, 168)","(239, 167)"
15:05:24.033022,"(170, 169)","(239, 168)"
15:05:24.220731,,
15:05:24.422728,,
15:05:24.623898,"(169, 169)","(238, 169)"
15:05:24.794601,"(170, 167)","(238, 168)"
15:05:24.959210,"(171, 167)","(238, 167)"
15:05:25.165996,,
15:05:25.353626,"(173, 166)","(240, 164)"
15:05:25.544205,"(173, 165)","(239, 161)"
15:05:25.737852,"(174, 164)","(240, 161)"
15:05:25.923660,"(173, 164)","(240, 161)"
15:05:26.127193,"(171, 164)","(236, 163)"
15:05:26.307089,"(171, 163)","(238, 161)"
15:05:26.482334,"(171, 162)","(237, 160)"
15:05:26.670699,"(171, 162)","(237, 160)"
15:05:26.839840,"(172, 163)","(236, 161)"
15:05:27.040381,"(170, 162)","(236, 160)"
15:05:27.224715,"(169, 162)","(235, 161)"
15:05:27.411832,,
15:05:27.584243,,
15:05:27.766993,,
15:05:27.954890,,
15:05:28.141895,"(175, 162)","(246, 158)"
15:05:28.344817,,
15:05:28.546096,"(172, 164)","(240, 163)"
15:05:28.735969,"(173, 165)","(241, 164)"
15:05:28.902729,"(173, 164)","(241, 167)"
15:05:29.080763,,
15:05:29.262924,"(176, 164)","(244, 164)"
15:05:29.438652,"(174, 164)","(242, 166)"
15:05:29.636482,,
15:05:29.834266,"(177, 165)","(245, 167)"
15:05:30.037529,,
15:05:30.240642,"(176, 165)","(244, 167)"
15:05:30.442985,"(176, 165)","(244, 168)"
15:05:30.601248,,
15:05:30.794435,,
15:05:30.985851,"(169, 170)","(237, 169)"
15:05:31.188086,"(169, 170)","(237, 169)"
15:05:31.373831,"(170, 172)","(240, 169)"
15:05:31.559667,,
15:05:31.760045,,
15:05:31.946269,,
15:05:32.137534,,
15:05:32.337147,,
15:05:32.527325,,
15:05:32.722469,,
15:05:32.897025,,
15:05:33.085466,,
15:05:33.292139,,
15:05:33.511609,,
15:05:33.711101,,
15:05:33.927540,,
15:05:34.097750,,
15:05:34.301716,,
15:05:34.513237,,
15:05:34.720179,,
15:05:34.890281,,
15:05:35.096314,,
15:05:35.297521,,
15:05:35.486390,,
15:05:35.687881,,
15:05:35.886787,,
15:05:36.072792,,
15:05:36.253766,,
15:05:36.461438,,
15:05:36.642823,,
15:05:36.833040,"(171, 167)","(239, 165)"
15:05:37.033688,,
15:05:37.220801,"(170, 168)","(239, 168)"
15:05:37.422378,"(170, 167)","(238, 167)"
15:05:37.601577,"(172, 167)","(240, 167)"
15:05:37.804405,"(171, 166)","(240, 167)"
15:05:37.990073,,
15:05:38.178621,,
15:05:38.365811,,
15:05:38.565337,,
15:05:38.780015,,
15:05:38.986761,,
15:05:39.148076,,
15:05:39.345858,,
15:05:39.561696,,
15:05:39.759711,,
15:05:39.915657,,
15:05:40.103040,,
15:05:40.273838,,
15:05:40.476831,"(173, 159)","(241, 159)"
15:05:40.652310,"(171, 161)","(239, 160)"
15:05:40.844113,"(169, 162)","(237, 163)"
15:05:41.049765,,
15:05:41.235308,"(170, 164)","(238, 164)"
15:05:41.440669,"(171, 165)","(240, 165)"
15:05:41.663097,"(174, 167)","(243, 168)"
15:05:41.865144,"(174, 174)","(244, 175)"
15:05:42.057233,"(171, 178)","(242, 180)"
15:05:42.232101,"(170, 177)","(240, 179)"
15:05:42.402959,"(174, 168)","(242, 168)"
15:05:42.604224,"(184, 163)","(251, 163)"
15:05:42.774935,"(186, 160)","(253, 164)"
15:05:42.970905,"(181, 162)","(247, 163)"
15:05:43.156032,"(180, 161)","(248, 162)"
15:05:43.357102,"(177, 160)","(245, 159)"
15:05:43.548801,,
15:05:43.700701,,
15:05:43.842852,,
15:05:44.009065,,
15:05:44.193949,"(166, 159)","(234, 160)"
15:05:44.373917,"(166, 158)","(234, 156)"
15:05:44.543194,"(167, 161)","(235, 160)"
15:05:44.703306,"(167, 159)","(236, 161)"
15:05:44.877180,"(167, 158)","(235, 157)"
15:05:45.063303,,
15:05:45.237313,,
15:05:45.424860,,
15:05:45.600392,,
15:05:45.784245,,
15:05:45.966949,,
15:05:46.127327,,
15:05:46.294053,,
15:05:46.454335,,
15:05:46.622116,,
15:05:46.790450,,
15:05:46.936908,"(171, 158)","(238, 161)"
15:05:47.121046,,
15:05:47.288603,,
15:05:47.454962,,
15:05:47.655038,,
15:05:47.822399,,
15:05:47.982670,,
15:05:48.169054,,
15:05:48.337293,,
15:05:48.506959,,
15:05:48.707767,,
15:05:48.907914,,
15:05:49.078067,,
15:05:49.283005,,
15:05:49.485036,,
15:05:49.656007,,
15:05:49.843622,,
15:05:50.025097,,
15:05:50.213823,,
15:05:50.398745,"(171, 158)","(239, 157)"
15:05:50.596643,,
15:05:50.785727,"(176, 154)","(239, 152)"
15:05:50.937945,"(175, 152)","(241, 151)"
15:05:51.115445,"(175, 153)","(240, 152)"
15:05:51.323760,,
15:05:51.496384,,
15:05:51.665031,,
15:05:51.851096,,
15:05:52.022633,,
15:05:52.174098,,
15:05:52.363270,,
15:05:52.533555,,
15:05:52.718026,,
15:05:52.906932,,
15:05:53.080373,,
15:05:53.238722,,
15:05:53.406642,"(166, 160)","(233, 160)"
15:05:53.622154,,
15:05:53.792201,,
15:05:54.010645,,
15:05:54.181624,,
15:05:54.375245,,
15:05:54.566657,,
15:05:54.750866,,
15:05:54.954906,,
15:05:55.142870,,
15:05:55.306547,,
15:05:55.469009,,
15:05:55.673853,,
15:05:55.870335,,
15:05:56.057178,,
15:05:56.261064,,
15:05:56.472025,,
15:05:56.662965,,
15:05:56.824630,,
15:05:57.022716,,
15:05:57.221348,,
15:05:57.410715,,
15:05:57.612639,,
15:05:57.810809,,
15:05:58.012328,,
15:05:58.211954,,
15:05:58.384009,,
15:05:58.604801,,
15:05:58.807190,,
15:05:58.976031,,
15:05:59.177423,,
15:05:59.381436,,
15:05:59.574896,,
15:05:59.762182,,
15:05:59.966062,,
15:06:00.173688,,
15:06:00.348670,,
15:06:00.545152,,
15:06:00.733557,,
15:06:00.933502,"(170, 163)","(238, 161)"
15:06:01.135338,"(170, 162)","(238, 160)"
15:06:01.355263,"(170, 162)","(237, 160)"
15:06:01.556460,"(170, 162)","(238, 161)"
15:06:01.754293,"(170, 162)","(237, 161)"
15:06:01.961845,"(170, 163)","(237, 161)"
15:06:02.148594,"(169, 163)","(236, 161)"
15:06:02.349444,"(168, 163)","(235, 161)"
15:06:02.553660,"(169, 163)","(236, 161)"
15:06:02.756093,,
15:06:02.955604,,
15:06:03.144414,,
15:06:03.332399,,
15:06:03.549938,,
15:06:03.730822,,
15:06:03.920925,"(175, 164)","(241, 164)"
15:06:04.122963,"(174, 165)","(241, 165)"
15:06:04.308916,"(172, 165)","(240, 165)"
15:06:04.509218,"(173, 165)","(240, 166)"
15:06:04.692090,"(174, 166)","(242, 167)"
15:06:04.876540,"(170, 161)","(237, 162)"
15:06:05.061088,"(171, 156)","(238, 159)"
15:06:05.267404,"(173, 161)","(240, 161)"
15:06:05.469868,,
15:06:05.686167,,
15:06:05.888863,,
15:06:06.103325,"(183, 158)","(253, 155)"
15:06:06.306686,"(181, 159)","(251, 155)"
15:06:06.504345,"(181, 159)","(251, 156)"
15:06:06.694781,"(176, 161)","(243, 162)"
15:06:06.849863,"(175, 161)","(241, 162)"
15:06:07.052556,,
15:06:07.223799,,
15:06:07.429156,,
15:06:07.646719,"(175, 165)","(242, 167)"
15:06:07.860754,"(176, 165)","(243, 167)"
15:06:08.062092,"(176, 167)","(243, 167)"
15:06:08.243488,"(175, 167)","(242, 168)"
15:06:08.430987,"(176, 167)","(244, 170)"
15:06:08.623119,"(176, 168)","(242, 168)"
15:06:08.809327,"(174, 168)","(241, 169)"
15:06:08.992316,"(174, 168)","(242, 170)"
15:06:09.185089,"(176, 167)","(243, 168)"
15:06:09.396405,"(172, 163)","(239, 165)"
15:06:09.596180,,
15:06:09.783277,,
15:06:09.983307,,
15:06:10.199559,,
15:06:10.397247,,
15:06:10.594193,"(164, 155)","(230, 157)"
15:06:10.787192,,
15:06:10.975569,,
15:06:11.145184,,
15:06:11.311977,"(165, 159)","(232, 158)"
15:06:11.471745,,
15:06:11.657909,,
15:06:11.862321,,
15:06:12.059765,,
15:06:12.233334,,
15:06:12.437852,"(166, 162)","(234, 161)"
15:06:12.635132,"(166, 161)","(234, 161)"
15:06:12.848989,"(166, 159)","(234, 160)"
15:06:13.009613,,
15:06:13.178951,,
15:06:13.367153,,
15:06:13.567718,,
15:06:13.756552,,
15:06:13.907255,,
15:06:14.107363,,
15:06:14.297059,,
15:06:14.481473,,
15:06:14.681023,,
15:06:14.895251,,
15:06:15.084168,,
15:06:15.254946,,
15:06:15.454495,,
15:06:15.645258,,
15:06:15.831340,,
15:06:16.031376,,
15:06:16.203799,,
15:06:16.403980,,
15:06:16.574623,,
15:06:16.745667,,
15:06:16.915933,,
15:06:17.116358,,
15:06:17.289732,,
15:06:17.443233,,
15:06:17.643852,,
15:06:17.863908,,
15:06:18.050466,,
15:06:18.235874,,
15:06:18.407962,,
15:06:18.607058,,
15:06:18.792117,,
15:06:19.002563,,
15:06:19.198028,,
15:06:19.398902,,
15:06:19.586195,,
15:06:19.757613,,
15:06:19.955766,,
15:06:20.158725,,
15:06:20.341680,,
15:06:20.501123,,
15:06:20.676622,,
15:06:20.869592,,
15:06:21.049323,,
15:06:21.255683,,
15:06:21.453261,,
15:06:21.637228,,
15:06:21.818757,,
15:06:21.993155,,
15:06:22.167208,,
15:06:22.337960,,
15:06:22.527173,,
15:06:22.728681,,
15:06:22.931474,,
15:06:23.118932,,
15:06:23.330263,,
15:06:23.537694,,
15:06:23.716622,,
15:06:23.922281,,
15:06:24.122667,,
15:06:24.298652,,
15:06:24.495217,,
15:06:24.707503,,
15:06:24.876089,,
15:06:25.029642,,
15:06:25.213804,,
15:06:25.417016,,
15:06:25.620867,,
15:06:25.780709,,
15:06:25.961405,,
15:06:26.135840,,
15:06:26.331586,,
15:06:26.518766,,
15:06:26.673186,,
15:06:26.878012,,
15:06:27.064453,,
15:06:27.233210,,
15:06:27.423015,,
15:06:27.619112,,
15:06:27.809933,,
15:06:28.013469,,
15:06:28.184640,,
15:06:28.387325,,
15:06:28.590326,,
15:06:28.776775,,
15:06:28.965721,,
15:06:29.167651,,
15:06:29.353998,,
15:06:29.540969,,
15:06:29.762472,,
15:06:29.977269,,
15:06:30.177604,,
15:06:30.378978,,
15:06:30.565957,,
15:06:30.764252,,
15:06:30.958751,,
15:06:31.141091,,
15:06:31.345427,,
15:06:31.560958,,
15:06:31.761643,,
15:06:31.980315,,
15:06:32.182945,,
15:06:32.381856,,
15:06:32.599522,,
15:06:32.782453,,
15:06:32.967560,,
15:06:33.170697,,
15:06:33.375115,,
15:06:33.561568,,
15:06:33.757653,,
15:06:33.947480,,
15:06:34.147122,,
15:06:34.349705,,
15:06:34.535704,,
15:06:34.722661,,
15:06:34.926484,,
15:06:35.141893,,
15:06:35.308883,,
15:06:35.481720,,
15:06:35.682799,,
15:06:35.887243,,
15:06:36.088306,,
15:06:36.260290,,
15:06:36.445687,,
15:06:36.589382,,
15:06:36.742963,,
15:06:36.927999,,
15:06:37.096510,,
15:06:37.266879,,
15:06:37.424686,,
15:06:37.591296,,
15:06:37.761844,,
15:06:37.935087,,
15:06:38.090170,,
15:06:38.276304,,
15:06:38.430897,,
15:06:38.599758,,
15:06:38.771774,,
15:06:38.970798,,
15:06:39.143676,,
15:06:39.345151,,
15:06:39.530852,,
15:06:39.684986,,
15:06:39.855722,,
15:06:40.044869,,
15:06:40.221767,,
15:06:40.386898,,
15:06:40.565944,,
15:06:40.734875,,
15:06:40.923314,,
15:06:41.103948,,
15:06:41.244502,,
15:06:41.411562,,
15:06:41.575418,,
15:06:41.730775,,
15:06:41.900127,,
15:06:42.068644,,
15:06:42.223944,,
15:06:42.397210,,
15:06:42.568734,,
15:06:42.770404,,
15:06:42.939969,,
15:06:43.095403,,
15:06:43.281014,,
15:06:43.466792,,
15:06:43.650920,,
15:06:43.855921,,
15:06:44.036453,,
15:06:44.225313,,
15:06:44.398715,,
15:06:44.551048,,
15:06:44.740645,,
15:06:44.944094,,
15:06:45.111303,,
15:06:45.297516,,
15:06:45.517753,,
15:06:45.700885,,
15:06:45.906419,,
15:06:46.106112,,
15:06:46.305680,,
15:06:46.523139,,
15:06:46.743700,,
15:06:46.914327,,
15:06:47.114407,,
15:06:47.337710,,
15:06:47.488740,,
15:06:47.677323,,
15:06:47.874163,,
15:06:48.079075,,
15:06:48.295767,,
15:06:48.492988,,
15:06:48.669926,,
15:06:48.867465,,
15:06:49.024892,,
15:06:49.208970,,
15:06:49.366375,,
15:06:49.530887,,
15:06:49.693165,,
15:06:49.875315,,
15:06:50.048051,,
15:06:50.215126,,
15:06:50.415943,,
15:06:50.565977,,
15:06:50.742668,,
15:06:50.942630,,
15:06:51.130648,,
15:06:51.282970,,
15:06:51.454509,,
15:06:51.622343,,
15:06:51.787130,,
15:06:51.974745,,
15:06:52.148956,,
15:06:52.347662,,
15:06:52.539855,,
15:06:52.753378,,
15:06:52.909255,,
15:06:53.079239,"(175, 157)","(242, 159)"
15:06:53.283166,"(174, 157)","(241, 159)"
15:06:53.455750,"(173, 158)","(240, 159)"
15:06:53.624453,"(176, 159)","(245, 161)"
15:06:53.831412,,
15:06:53.999698,"(180, 152)","(244, 154)"
15:06:54.218813,"(181, 151)","(246, 152)"
15:06:54.399442,"(182, 151)","(246, 152)"
15:06:54.602710,"(181, 152)","(245, 154)"
15:06:54.789080,,
15:06:54.987064,,
15:06:55.176393,"(177, 157)","(244, 158)"
15:06:55.379080,,
15:06:55.579034,"(176, 158)","(244, 159)"
15:06:55.795887,"(173, 159)","(241, 161)"
15:06:55.997718,"(171, 158)","(240, 160)"
15:06:56.184803,,
15:06:56.385841,,
15:06:56.583937,,
15:06:56.753671,,
15:06:56.946709,,
15:06:57.096882,,
15:06:57.262285,,
15:06:57.453822,,
15:06:57.655234,,
15:06:57.838012,"(172, 157)","(240, 159)"
15:06:58.024644,"(171, 158)","(239, 161)"
15:06:58.228789,,
15:06:58.412869,,
15:06:58.597127,,
15:06:58.793879,,
15:06:58.983249,,
15:06:59.169426,,
15:06:59.339759,,
15:06:59.523211,,
15:06:59.700082,"(171, 158)","(239, 161)"
15:06:59.975171,"(171, 160)","(239, 161)"
15:07:00.176410,"(172, 160)","(240, 162)"
15:07:00.343010,,
15:07:00.551230,,
15:07:00.751869,"(175, 161)","(243, 162)"
15:07:00.935860,"(176, 162)","(244, 162)"
15:07:01.134798,,
15:07:01.323206,,
15:07:01.513792,,
15:07:01.707648,,
15:07:01.915900,,
15:07:02.087966,,
15:07:02.272274,,
15:07:02.596854,,
15:07:02.803383,"(166, 164)","(235, 165)"
15:07:03.001853,,
15:07:03.179424,"(168, 168)","(237, 168)"
15:07:03.388676,"(165, 169)","(233, 169)"
15:07:03.602898,"(161, 170)","(230, 169)"
15:07:03.807683,"(161, 169)","(230, 168)"
15:07:04.030843,"(161, 169)","(229, 168)"
15:07:04.221130,"(161, 169)","(229, 169)"
15:07:04.407887,"(161, 169)","(229, 169)"
15:07:04.573422,"(160, 170)","(228, 169)"
15:07:04.767633,"(158, 171)","(227, 169)"
15:07:04.955650,"(159, 171)","(227, 169)"
15:07:05.137096,"(161, 171)","(231, 170)"
15:07:05.325113,"(161, 172)","(231, 171)"
15:07:05.527443,"(164, 169)","(232, 169)"
15:07:05.726608,"(163, 169)","(231, 169)"
15:07:05.897178,"(162, 170)","(230, 170)"
15:07:06.096398,"(163, 170)","(231, 170)"
15:07:06.291401,"(161, 171)","(228, 171)"
15:07:06.451689,"(162, 171)","(230, 171)"
15:07:06.653854,"(164, 173)","(231, 172)"
15:07:06.856998,"(164, 173)","(232, 173)"
15:07:07.056238,"(164, 173)","(233, 172)"
15:07:07.213941,"(166, 172)","(234, 172)"
15:07:07.406771,"(167, 172)","(235, 173)"
15:07:07.599211,"(170, 172)","(239, 173)"
15:07:07.750852,"(169, 172)","(238, 172)"
15:07:07.912034,"(170, 173)","(238, 173)"
15:07:08.082989,"(170, 173)","(238, 174)"
15:07:08.235199,"(168, 174)","(237, 174)"
15:07:08.395273,"(168, 174)","(237, 175)"
15:07:08.584606,"(171, 173)","(239, 174)"
15:07:08.737625,"(171, 168)","(240, 170)"
15:07:08.921804,"(176, 162)","(242, 167)"
15:07:09.107579,"(176, 157)","(244, 165)"
15:07:09.311929,"(184, 165)","(252, 168)"
15:07:09.496042,"(188, 166)","(254, 169)"
15:07:09.667910,"(187, 165)","(253, 169)"
15:07:09.865552,"(186, 162)","(254, 161)"
15:07:10.064763,"(185, 162)","(254, 160)"
15:07:10.271248,"(184, 162)","(253, 161)"
15:07:10.482688,"(176, 160)","(243, 165)"
15:07:10.683349,"(173, 159)","(241, 165)"
15:07:10.871683,"(179, 164)","(245, 167)"
15:07:11.040106,"(178, 164)","(244, 166)"
15:07:11.226215,"(175, 166)","(241, 168)"
15:07:11.398854,"(175, 166)","(242, 168)"
15:07:11.599417,"(175, 167)","(241, 168)"
15:07:11.781645,"(174, 166)","(240, 168)"
15:07:11.984976,"(173, 168)","(239, 169)"
15:07:12.200272,"(172, 168)","(239, 169)"
15:07:12.401140,"(169, 168)","(236, 169)"
15:07:12.612887,"(169, 169)","(236, 170)"
15:07:12.760606,"(169, 169)","(236, 169)"
15:07:12.938707,"(173, 168)","(242, 164)"
15:07:13.156845,"(172, 169)","(242, 164)"
15:07:13.329502,"(170, 169)","(240, 164)"
15:07:13.494078,"(171, 169)","(242, 164)"
15:07:13.698923,,
15:07:13.852521,"(169, 172)","(236, 172)"
15:07:14.038670,"(168, 171)","(236, 172)"
15:07:14.192050,"(167, 172)","(234, 172)"
15:07:14.362726,"(167, 172)","(234, 173)"
15:07:14.531645,"(167, 172)","(233, 173)"
15:07:14.733711,"(166, 172)","(233, 173)"
15:07:14.903779,"(166, 172)","(233, 173)"
15:07:15.069622,"(167, 173)","(234, 174)"
15:07:15.229273,"(167, 173)","(234, 174)"
15:07:15.416683,"(166, 173)","(234, 174)"
15:07:15.586547,"(166, 173)","(234, 174)"
15:07:15.772720,"(166, 173)","(233, 173)"
15:07:15.940628,"(166, 174)","(233, 174)"
15:07:16.111707,"(165, 175)","(234, 175)"
15:07:16.282258,"(164, 175)","(233, 175)"
15:07:16.451670,"(164, 176)","(233, 175)"
15:07:16.619961,"(164, 176)","(233, 176)"
15:07:16.775798,"(164, 177)","(233, 177)"
15:07:16.944356,"(164, 177)","(233, 177)"
15:07:17.128076,"(164, 177)","(233, 177)"
15:07:17.287374,"(163, 178)","(232, 177)"
15:07:17.457194,"(163, 178)","(232, 177)"
15:07:17.627437,"(167, 177)","(236, 172)"
15:07:17.828772,"(169, 175)","(239, 169)"
15:07:18.028622,"(170, 175)","(239, 170)"
15:07:18.246570,"(168, 175)","(238, 169)"
15:07:18.449460,,
15:07:18.663325,"(163, 172)","(231, 173)"
15:07:18.865671,"(158, 171)","(227, 172)"
15:07:19.051891,"(156, 173)","(224, 173)"
15:07:19.199720,"(155, 173)","(224, 172)"
15:07:19.413576,"(157, 169)","(225, 170)"
15:07:19.614658,"(160, 169)","(226, 169)"
15:07:19.787186,"(161, 168)","(228, 169)"
15:07:19.949708,"(161, 169)","(230, 170)"
15:07:20.148774,"(163, 168)","(230, 169)"
15:07:20.352135,"(167, 170)","(236, 171)"
15:07:20.527682,,
15:07:20.709220,"(168, 171)","(238, 165)"
15:07:20.878013,,
15:07:21.047398,"(162, 171)","(229, 170)"
15:07:21.203159,"(163, 171)","(230, 172)"
15:07:21.377470,"(164, 170)","(231, 172)"
15:07:21.531031,"(164, 172)","(232, 173)"
15:07:21.691641,"(163, 172)","(232, 172)"
15:07:21.870952,"(163, 172)","(231, 172)"
15:07:22.042463,"(162, 172)","(230, 173)"
15:07:22.213939,"(163, 171)","(231, 172)"
15:07:22.371199,"(164, 171)","(232, 172)"
15:07:22.572053,"(163, 170)","(230, 170)"
15:07:22.756681,"(163, 170)","(229, 169)"
15:07:22.958729,"(164, 170)","(229, 168)"
15:07:23.128611,,
15:07:23.337009,,
15:07:23.531981,"(166, 164)","(230, 164)"
15:07:23.705780,,
15:07:23.920970,,
15:07:24.107899,,
15:07:24.309675,,
15:07:24.487300,,
15:07:24.681020,,
15:07:24.886483,,
15:07:25.085835,,
15:07:25.303771,,
15:07:25.505936,,
15:07:25.707100,"(160, 173)","(227, 171)"
15:07:25.910757,"(159, 173)","(228, 172)"
15:07:26.083740,"(159, 173)","(228, 172)"
15:07:26.286973,"(161, 165)","(227, 166)"
15:07:26.504353,"(167, 166)","(231, 164)"
15:07:26.705373,"(167, 166)","(232, 164)"
15:07:26.884953,"(165, 167)","(228, 167)"
15:07:27.093932,,
15:07:27.291041,,
15:07:27.480151,"(159, 173)","(229, 172)"
15:07:27.665894,"(158, 173)","(228, 173)"
15:07:27.865775,,
15:07:28.098825,,
15:07:28.288730,,
15:07:28.540727,,
15:07:28.801658,,
15:07:29.016319,,
15:07:29.223464,,
15:07:29.424231,,
15:07:29.625964,,
15:07:29.841937,,
15:07:30.035994,,
15:07:30.215026,,
15:07:30.384811,,
15:07:30.570639,,
15:07:30.772275,,
15:07:30.949326,,
15:07:31.143999,,
15:07:31.335068,,
15:07:31.527785,,
15:07:31.725405,"(163, 165)","(229, 165)"
15:07:31.931258,"(164, 165)","(230, 166)"
15:07:32.129468,"(163, 165)","(229, 165)"
15:07:32.297129,"(163, 165)","(229, 166)"
15:07:32.514133,,
15:07:32.728000,,
15:07:32.930275,,
15:07:33.142457,,
15:07:33.344191,"(159, 174)","(229, 172)"
15:07:33.510131,,
15:07:33.714948,,
15:07:33.916184,,
15:07:34.102618,,
15:07:34.251301,,
15:07:34.441322,,
15:07:34.645436,,
15:07:34.847137,,
15:07:35.035670,,
15:07:35.189490,,
15:07:35.392730,,
15:07:35.558077,,
15:07:35.762744,,
15:07:35.964893,,
15:07:36.148762,,
15:07:36.347602,,
15:07:36.565390,,
15:07:36.734027,,
15:07:36.917271,,
15:07:37.102982,,
15:07:37.321127,,
15:07:37.509752,,
15:07:37.726165,,
15:07:37.924329,,
15:07:38.126937,,
15:07:38.311729,,
15:07:38.509676,,
15:07:38.699969,,
15:07:38.898036,,
15:07:39.099660,,
15:07:39.269840,,
15:07:39.471389,,
15:07:39.655507,,
15:07:39.862721,,
15:07:40.049657,,
15:07:40.214092,,
15:07:40.417550,,
15:07:40.606333,,
15:07:40.821775,,
15:07:41.022001,,
15:07:41.203257,,
15:07:41.391607,"(163, 171)","(231, 173)"
15:07:41.575014,"(160, 175)","(230, 174)"
15:07:41.731870,"(157, 174)","(226, 173)"
15:07:41.901035,"(157, 174)","(225, 172)"
15:07:42.073269,"(157, 174)","(226, 172)"
15:07:42.227203,"(156, 175)","(225, 173)"
15:07:42.432073,"(157, 175)","(226, 173)"
15:07:42.618970,"(157, 175)","(225, 173)"
15:07:42.820821,"(160, 175)","(228, 174)"
15:07:43.016193,"(161, 175)","(230, 175)"
15:07:43.204888,,
15:07:43.389704,"(161, 174)","(227, 170)"
15:07:43.605941,,
15:07:43.823690,"(165, 176)","(232, 175)"
15:07:43.992778,"(166, 177)","(233, 175)"
15:07:44.198871,"(169, 177)","(236, 176)"
15:07:44.400803,"(169, 175)","(236, 174)"
15:07:44.582317,,
15:07:44.766636,"(158, 162)","(227, 164)"
15:07:44.956312,"(164, 168)","(232, 169)"
15:07:45.150830,,
15:07:45.363561,,
15:07:45.554905,"(172, 168)","(241, 164)"
15:07:45.737722,,
15:07:45.925177,,
15:07:46.112067,,
15:07:46.280317,,
15:07:46.449266,,
15:07:46.604031,,
15:07:46.747391,,
15:07:46.947291,,
15:07:47.147780,,
15:07:47.334949,,
15:07:47.505444,,
15:07:47.714816,"(170, 170)","(238, 170)"
15:07:47.907254,,
15:07:48.079959,,
15:07:48.263686,,
15:07:48.454389,,
15:07:48.669827,,
15:07:48.871828,,
15:07:49.073898,,
15:07:49.245572,,
15:07:49.412620,,
15:07:49.572119,,
15:07:49.745111,,
15:07:49.912696,,
15:07:50.084546,,
15:07:50.253703,,
15:07:50.422374,,
15:07:50.595997,,
15:07:50.781603,,
15:07:50.934017,,
15:07:51.093171,,
15:07:51.229914,"(168, 168)","(233, 166)"
15:07:51.402967,"(168, 167)","(234, 166)"
15:07:51.587219,"(169, 168)","(234, 166)"
15:07:51.787153,,
15:07:51.977269,,
15:07:52.164141,"(163, 172)","(231, 171)"
15:07:52.364930,,
15:07:52.517121,,
15:07:52.699795,,
15:07:52.857363,,
15:07:53.010021,,
15:07:53.196851,,
15:07:53.386008,,
15:07:53.561786,"(162, 176)","(231, 175)"
15:07:53.752180,"(159, 176)","(228, 174)"
15:07:53.951946,"(168, 171)","(234, 168)"
15:07:54.130965,"(169, 171)","(236, 168)"
15:07:54.329922,"(167, 170)","(233, 166)"
15:07:54.502206,"(163, 171)","(227, 168)"
15:07:54.687438,"(160, 174)","(227, 172)"
15:07:54.898892,"(164, 175)","(232, 174)"
15:07:55.090769,"(167, 175)","(235, 175)"
15:07:55.295761,"(160, 167)","(228, 170)"
15:07:55.463865,"(162, 164)","(229, 167)"
15:07:55.667062,"(174, 164)","(239, 163)"
15:07:55.853214,"(177, 163)","(244, 162)"
15:07:56.054770,"(177, 164)","(242, 163)"
15:07:56.256502,,
15:07:56.441264,,
15:07:56.626897,"(170, 171)","(237, 172)"
15:07:56.799028,"(169, 173)","(238, 174)"
15:07:57.013545,,
15:07:57.214876,,
15:07:57.398032,"(169, 168)","(233, 170)"
15:07:57.596282,"(170, 167)","(233, 168)"
15:07:57.782756,,
15:07:57.970760,,
15:07:58.170907,,
15:07:58.387110,,
15:07:58.571691,,
15:07:58.758652,,
15:07:58.932693,,
15:07:59.131105,"(168, 166)","(233, 166)"
15:07:59.320781,"(168, 165)","(233, 164)"
15:07:59.521132,"(166, 162)","(230, 164)"
15:07:59.721122,,
15:07:59.925067,,
15:08:00.124436,,
15:08:00.323751,,
15:08:00.512187,,
15:08:00.716347,,
15:08:00.884241,,
15:08:01.089698,,
15:08:01.276291,,
15:08:01.472959,,
15:08:01.676917,,
15:08:01.890266,,
15:08:02.092106,"(169, 176)","(238, 175)"
15:08:02.301103,,
15:08:02.518640,,
15:08:02.722783,,
15:08:02.925313,"(170, 167)","(234, 165)"
15:08:03.109095,"(170, 167)","(234, 165)"
15:08:03.297141,"(169, 167)","(235, 164)"
15:08:03.485427,,
15:08:03.687424,,
15:08:03.888036,,
15:08:04.089082,"(164, 172)","(234, 173)"
15:08:04.275780,"(165, 165)","(230, 164)"
15:08:04.464682,,
15:08:04.666498,,
15:08:04.852925,,
15:08:05.054223,"(172, 167)","(240, 163)"
15:08:05.270000,"(166, 168)","(234, 168)"
15:08:05.466101,"(166, 168)","(233, 168)"
15:08:05.663456,"(166, 168)","(233, 168)"
15:08:05.846632,"(167, 167)","(233, 166)"
15:08:06.049292,"(167, 167)","(234, 164)"
15:08:06.251103,"(166, 166)","(235, 163)"
15:08:06.437430,"(166, 166)","(234, 164)"
15:08:06.638817,"(166, 165)","(234, 164)"
15:08:06.845714,"(166, 170)","(235, 169)"
15:08:07.047612,"(168, 170)","(237, 169)"
15:08:07.257560,"(171, 171)","(240, 170)"
15:08:07.446635,"(172, 169)","(242, 169)"
15:08:07.636238,"(172, 169)","(242, 169)"
15:08:07.819582,"(171, 170)","(241, 170)"
15:08:08.020407,"(177, 170)","(245, 168)"
15:08:08.218019,"(185, 170)","(252, 168)"
15:08:08.406113,"(185, 171)","(252, 169)"
15:08:08.595606,"(185, 171)","(252, 169)"
15:08:08.756049,"(185, 171)","(251, 169)"
15:08:08.952500,"(184, 171)","(251, 169)"
15:08:09.134877,"(184, 170)","(251, 169)"
15:08:09.318951,"(174, 172)","(243, 170)"
15:08:09.523213,"(172, 171)","(242, 170)"
15:08:09.717135,"(172, 171)","(242, 170)"
15:08:09.882883,"(178, 171)","(245, 170)"
15:08:10.064729,"(178, 170)","(245, 170)"
15:08:10.247518,"(177, 171)","(245, 170)"
15:08:10.442104,"(173, 169)","(241, 168)"
15:08:10.600946,"(173, 167)","(241, 167)"
15:08:10.791645,"(172, 168)","(241, 167)"
15:08:10.980886,"(165, 169)","(234, 168)"
15:08:11.143002,"(163, 169)","(232, 168)"
15:08:11.321382,"(162, 169)","(231, 168)"
15:08:11.521553,"(160, 168)","(229, 168)"
15:08:11.704892,"(161, 168)","(229, 168)"
15:08:11.905525,"(163, 170)","(233, 169)"
15:08:12.104099,,
15:08:12.277281,,
15:08:12.478621,"(172, 170)","(239, 169)"
15:08:12.659763,"(170, 170)","(239, 169)"
15:08:12.862824,"(167, 169)","(236, 168)"
15:08:13.052655,"(167, 167)","(235, 166)"
15:08:13.231319,"(169, 166)","(236, 166)"
15:08:13.438807,"(169, 167)","(237, 166)"
15:08:13.606187,,
15:08:13.774897,"(176, 164)","(246, 159)"
15:08:13.954277,"(176, 164)","(245, 159)"
15:08:14.131626,,
15:08:14.346984,,
15:08:14.517907,,
15:08:14.703935,,
15:08:14.891021,"(175, 164)","(245, 159)"
15:08:15.066781,"(175, 164)","(245, 159)"
15:08:15.232899,"(174, 164)","(244, 159)"
15:08:15.401019,,
15:08:15.587262,,
15:08:15.769012,,
15:08:15.955241,,
15:08:16.156260,,
15:08:16.339633,,
15:08:16.528674,,
15:08:16.740153,,
15:08:16.932411,,
15:08:17.121654,,
15:08:17.304661,,
15:08:17.491780,,
15:08:17.687073,,
15:08:17.865842,,
15:08:18.041466,,
15:08:18.254203,,
15:08:18.450621,,
15:08:18.656084,,
15:08:18.868995,"(168, 166)","(235, 164)"
15:08:19.044774,,
15:08:19.226339,"(167, 166)","(235, 164)"
15:08:19.406690,,
15:08:19.601648,,
15:08:19.781737,,
15:08:19.952173,,
15:08:20.137276,"(167, 170)","(236, 169)"
15:08:20.336902,,
15:08:20.522174,,
15:08:20.737248,,
15:08:20.950794,"(168, 163)","(233, 161)"
15:08:21.169147,"(169, 162)","(232, 161)"
15:08:21.369010,,
15:08:21.533700,,
15:08:21.738594,,
15:08:21.929016,"(166, 167)","(235, 166)"
15:08:22.113174,"(166, 166)","(234, 164)"
15:08:22.289989,"(165, 167)","(233, 165)"
15:08:22.503945,"(166, 167)","(234, 164)"
15:08:22.704380,"(166, 168)","(234, 165)"
15:08:22.888993,"(166, 168)","(234, 168)"
15:08:23.072800,"(165, 168)","(234, 168)"
15:08:23.259684,"(165, 169)","(233, 167)"
15:08:23.461571,"(166, 168)","(234, 167)"
15:08:23.662265,"(167, 169)","(235, 168)"
15:08:23.847286,"(167, 169)","(235, 168)"
15:08:24.031642,"(166, 169)","(235, 168)"
15:08:24.216474,"(167, 170)","(236, 168)"
15:08:24.415909,"(168, 169)","(236, 168)"
15:08:24.620838,"(168, 170)","(236, 170)"
15:08:24.791158,"(169, 169)","(236, 168)"
15:08:24.962067,"(168, 169)","(235, 168)"
15:08:25.128846,"(167, 170)","(236, 169)"
15:08:25.333254,"(166, 170)","(235, 169)"
15:08:25.503275,"(165, 170)","(234, 170)"
15:08:25.677247,"(165, 171)","(233, 170)"
15:08:25.875629,"(166, 170)","(235, 170)"
15:08:26.048874,"(167, 171)","(235, 171)"
15:08:26.213104,"(166, 171)","(234, 170)"
15:08:26.368758,"(167, 171)","(235, 170)"
15:08:26.535073,"(167, 170)","(235, 170)"
15:08:26.711976,"(162, 168)","(230, 168)"
15:08:26.913054,"(160, 165)","(229, 167)"
15:08:27.084097,"(166, 169)","(233, 169)"
15:08:27.272828,"(165, 170)","(233, 169)"
15:08:27.462651,"(166, 169)","(233, 168)"
15:08:27.657837,"(165, 170)","(232, 169)"
15:08:27.844566,"(164, 170)","(232, 169)"
15:08:28.044516,"(166, 170)","(233, 169)"
15:08:28.203029,"(165, 170)","(232, 169)"
15:08:28.418934,"(164, 170)","(232, 169)"
15:08:28.620827,"(162, 170)","(230, 169)"
15:08:28.807312,"(163, 170)","(231, 169)"
15:08:29.007999,"(164, 169)","(232, 169)"
15:08:29.177925,"(165, 169)","(233, 169)"
15:08:29.371698,"(161, 169)","(231, 169)"
15:08:29.577639,"(161, 164)","(229, 166)"
15:08:29.761470,"(159, 165)","(228, 166)"
15:08:29.966113,"(162, 166)","(230, 166)"
15:08:30.157643,"(164, 168)","(232, 168)"
15:08:30.336015,"(169, 167)","(240, 162)"
15:08:30.512918,"(169, 167)","(239, 162)"
15:08:30.667069,"(169, 168)","(239, 162)"
15:08:30.821401,"(167, 168)","(234, 167)"
15:08:30.962967,"(164, 169)","(232, 168)"
15:08:31.154636,"(163, 169)","(232, 169)"
15:08:31.357003,"(165, 170)","(233, 168)"
15:08:31.544274,"(161, 170)","(230, 169)"
15:08:31.723726,"(162, 170)","(230, 169)"
15:08:31.907373,"(164, 171)","(231, 170)"
15:08:32.098890,"(166, 172)","(232, 171)"
15:08:32.265506,"(166, 172)","(233, 172)"
15:08:32.426825,"(164, 172)","(231, 172)"
15:08:32.637357,"(162, 175)","(231, 174)"
15:08:32.816258,"(162, 177)","(232, 176)"
15:08:32.989838,"(162, 176)","(232, 175)"
15:08:33.180190,"(157, 169)","(225, 170)"
15:08:33.343148,"(159, 165)","(227, 168)"
15:08:33.549097,"(168, 168)","(236, 168)"
15:08:33.712997,"(170, 167)","(238, 168)"
15:08:33.918002,"(179, 165)","(248, 167)"
15:08:34.092012,"(187, 164)","(254, 166)"
15:08:34.275583,"(186, 163)","(255, 166)"
15:08:34.461143,"(185, 164)","(253, 165)"
15:08:34.648842,"(185, 165)","(253, 167)"
