Timestamp,Angry,Disgust,Fear,Happy,Sad,Surprise,Neutral
1690920742.63132,0.06,0.0,0.09,0.01,0.2,0.05,0.59
1690920742.959322,0.14,0.0,0.06,0.02,0.16,0.07,0.55
1690920743.275323,0.06,0.0,0.02,0.01,0.08,0.01,0.83
1690920743.595325,0.16,0.0,0.04,0.01,0.16,0.02,0.61
1690920743.855329,0.05,0.01,0.04,0.02,0.16,0.03,0.68
1690920744.164331,0.13,0.0,0.04,0.02,0.15,0.03,0.64
1690920744.455331,0.17,0.0,0.05,0.02,0.18,0.04,0.55
1690920744.901091,0.1,0.0,0.03,0.02,0.17,0.02,0.65
1690920745.352902,0.04,0.0,0.03,0.04,0.13,0.01,0.74
1690920745.696905,0.07,0.01,0.05,0.01,0.14,0.03,0.68
1690920746.005907,0.11,0.01,0.05,0.01,0.16,0.01,0.65
1690920746.387033,0.1,0.0,0.04,0.01,0.19,0.01,0.65
1690920746.836033,0.14,0.0,0.03,0.01,0.11,0.02,0.7
1690920747.179036,0.07,0.0,0.03,0.03,0.23,0.01,0.62
1690920747.489042,0.13,0.01,0.05,0.01,0.25,0.03,0.51
1690920747.933042,0.13,0.0,0.07,0.01,0.18,0.02,0.59
1690920748.207043,0.09,0.0,0.05,0.01,0.3,0.04,0.5
1690920748.499044,0.12,0.01,0.06,0.03,0.22,0.04,0.52
1690920748.797047,0.1,0.01,0.03,0.03,0.32,0.02,0.49
1690920749.10705,0.07,0.0,0.05,0.03,0.28,0.05,0.52
1690920749.393051,0.05,0.0,0.03,0.03,0.23,0.02,0.64
1690920749.686056,0.12,0.0,0.05,0.02,0.29,0.03,0.49
1690920749.964054,0.07,0.0,0.05,0.0,0.29,0.02,0.58
1690920750.26206,0.16,0.0,0.08,0.02,0.29,0.04,0.4
1690920750.565063,0.05,0.0,0.04,0.01,0.45,0.03,0.42
1690920750.857104,0.19,0.0,0.04,0.0,0.32,0.02,0.42
1690920751.145109,0.09,0.0,0.05,0.01,0.21,0.03,0.61
1690920751.440108,0.09,0.01,0.08,0.02,0.31,0.07,0.41
1690920751.731111,0.05,0.0,0.05,0.01,0.29,0.03,0.57
1690920752.032117,0.15,0.0,0.05,0.01,0.21,0.05,0.53
1690920752.326115,0.18,0.0,0.06,0.01,0.22,0.03,0.5
1690920752.62912,0.09,0.01,0.06,0.02,0.34,0.03,0.47
1690920752.940122,0.05,0.01,0.04,0.05,0.22,0.05,0.58
1690920753.242125,0.22,0.01,0.14,0.0,0.17,0.05,0.41
1690920753.547173,0.19,0.0,0.09,0.0,0.2,0.02,0.5
1690920753.854175,0.08,0.01,0.13,0.01,0.17,0.08,0.53
1690920754.158177,0.07,0.0,0.06,0.01,0.1,0.01,0.75
1690920754.45618,0.09,0.0,0.07,0.01,0.2,0.05,0.58
1690920754.753179,0.07,0.01,0.07,0.02,0.18,0.06,0.6
1690920755.050181,0.1,0.0,0.03,0.02,0.19,0.02,0.62
1690920755.346183,0.05,0.0,0.03,0.03,0.19,0.01,0.69
1690920755.653188,0.11,0.01,0.09,0.02,0.21,0.04,0.51
1690920755.958189,0.04,0.0,0.04,0.01,0.23,0.02,0.66
1690920756.269191,0.03,0.0,0.06,0.01,0.31,0.01,0.58
1690920756.574194,0.03,0.0,0.03,0.02,0.08,0.01,0.82
1690920756.884197,0.06,0.0,0.06,0.02,0.31,0.03,0.5
1690920757.2052,0.05,0.0,0.06,0.03,0.15,0.03,0.7
1690920757.516199,0.04,0.0,0.08,0.02,0.12,0.06,0.68
1690920757.822201,0.12,0.0,0.08,0.01,0.29,0.05,0.45
1690920758.157208,0.14,0.01,0.07,0.02,0.21,0.08,0.48
1690920758.479206,0.15,0.0,0.06,0.02,0.23,0.04,0.5
1690920758.813213,0.08,0.0,0.04,0.01,0.29,0.02,0.57
1690920759.118213,0.11,0.0,0.06,0.02,0.22,0.06,0.53
1690920759.447217,0.03,0.0,0.03,0.0,0.11,0.02,0.8
1690920759.762218,0.07,0.0,0.04,0.01,0.28,0.02,0.58
1690920760.097217,0.09,0.0,0.07,0.0,0.27,0.04,0.52
1690920760.42722,0.11,0.0,0.04,0.01,0.24,0.04,0.56
1690920760.741226,0.07,0.0,0.06,0.0,0.21,0.03,0.62
1690920761.059242,0.07,0.0,0.04,0.01,0.26,0.03,0.58
1690920761.35723,0.11,0.0,0.06,0.0,0.22,0.04,0.58
1690920761.665232,0.07,0.0,0.05,0.01,0.12,0.07,0.67
1690920761.962235,0.12,0.0,0.06,0.01,0.18,0.04,0.6
1690920762.272233,0.08,0.0,0.06,0.0,0.14,0.03,0.68
1690920762.573237,0.11,0.01,0.1,0.0,0.21,0.08,0.5
1690920762.865239,0.09,0.0,0.04,0.01,0.15,0.07,0.64
1690920763.154242,0.16,0.01,0.11,0.0,0.22,0.11,0.4
1690920763.444245,0.12,0.0,0.06,0.01,0.18,0.11,0.53
1690920763.756246,0.16,0.0,0.08,0.0,0.3,0.06,0.4
1690920764.03225,0.14,0.01,0.03,0.01,0.29,0.03,0.49
1690920764.323252,0.07,0.0,0.07,0.0,0.19,0.02,0.65
1690920764.629252,0.1,0.0,0.07,0.0,0.26,0.01,0.55
1690920764.944254,0.07,0.0,0.03,0.01,0.24,0.01,0.64
1690920765.233258,0.13,0.0,0.04,0.01,0.23,0.04,0.56
1690920765.532262,0.12,0.0,0.05,0.01,0.15,0.11,0.55
1690920765.832259,0.06,0.0,0.07,0.0,0.13,0.04,0.69
1690920766.133267,0.07,0.0,0.08,0.0,0.16,0.06,0.63
1690920766.426268,0.11,0.01,0.16,0.01,0.29,0.05,0.36
1690920766.71427,0.12,0.0,0.06,0.01,0.26,0.03,0.52
1690920767.008272,0.06,0.0,0.07,0.02,0.22,0.04,0.59
1690920767.308274,0.06,0.0,0.06,0.01,0.28,0.03,0.57
1690920767.587273,0.05,0.0,0.08,0.01,0.25,0.04,0.57
1690920767.904277,0.07,0.0,0.07,0.01,0.23,0.04,0.58
1690920768.193278,0.04,0.0,0.05,0.03,0.23,0.06,0.58
1690920768.514282,0.14,0.0,0.05,0.01,0.21,0.03,0.55
1690920768.834285,0.11,0.0,0.08,0.0,0.21,0.16,0.44
1690920769.138286,0.07,0.0,0.08,0.01,0.22,0.04,0.58
1690920769.411289,0.06,0.0,0.07,0.01,0.2,0.04,0.62
1690920769.70529,0.08,0.0,0.06,0.02,0.21,0.03,0.59
1690920770.00529,0.07,0.0,0.05,0.0,0.22,0.02,0.64
1690920770.309295,0.09,0.0,0.06,0.02,0.28,0.03,0.51
1690920770.621298,0.06,0.0,0.06,0.01,0.29,0.02,0.55
1690920770.944297,0.05,0.0,0.05,0.0,0.19,0.02,0.69
1690920771.262301,0.06,0.0,0.08,0.0,0.25,0.02,0.58
1690920771.585304,0.15,0.0,0.07,0.0,0.25,0.08,0.45
1690920771.896307,0.09,0.0,0.06,0.01,0.18,0.04,0.62
1690920772.20431,0.05,0.01,0.09,0.03,0.27,0.08,0.46
1690920772.497308,0.06,0.0,0.09,0.0,0.37,0.03,0.45
1690920772.78831,0.07,0.0,0.05,0.0,0.18,0.02,0.68
1690920773.111313,0.11,0.0,0.05,0.0,0.27,0.02,0.54
1690920773.401317,0.08,0.0,0.05,0.01,0.16,0.03,0.66
1690920773.663319,0.07,0.0,0.04,0.01,0.2,0.02,0.66
1690920773.941319,0.07,0.0,0.05,0.01,0.12,0.03,0.73
1690920774.204325,0.05,0.0,0.07,0.01,0.27,0.03,0.58
1690920774.481322,0.07,0.0,0.06,0.01,0.24,0.04,0.58
1690920774.764325,0.12,0.0,0.06,0.0,0.27,0.05,0.49
1690920775.028326,0.04,0.01,0.1,0.0,0.15,0.06,0.65
1690920775.304331,0.05,0.0,0.12,0.0,0.15,0.05,0.63
1690920775.588334,0.06,0.0,0.08,0.01,0.13,0.31,0.41
1690920775.849334,0.01,0.0,0.01,0.03,0.03,0.01,0.91
1690920776.126337,0.02,0.0,0.03,0.06,0.08,0.01,0.79
1690920776.40334,0.01,0.0,0.03,0.08,0.13,0.02,0.71
1690920776.691861,0.01,0.0,0.03,0.01,0.08,0.01,0.85
1690920776.963862,0.07,0.0,0.05,0.1,0.15,0.04,0.58
1690920777.246864,0.03,0.0,0.03,0.07,0.08,0.01,0.78
1690920777.555866,0.03,0.0,0.06,0.04,0.13,0.03,0.7
1690920777.868871,0.03,0.0,0.03,0.03,0.11,0.01,0.79
1690920778.178875,0.03,0.0,0.05,0.04,0.09,0.02,0.76
1690920778.501874,0.03,0.0,0.06,0.02,0.11,0.02,0.76
1690920778.789874,0.04,0.0,0.08,0.01,0.1,0.04,0.72
1690920779.055879,0.04,0.0,0.06,0.01,0.11,0.03,0.74
1690920779.320881,0.07,0.0,0.05,0.02,0.13,0.04,0.68
1690920779.587881,0.06,0.0,0.04,0.01,0.13,0.01,0.75
1690920779.849884,0.1,0.0,0.06,0.01,0.18,0.06,0.59
1690920780.117887,0.1,0.0,0.04,0.02,0.14,0.02,0.69
1690920780.384887,0.2,0.0,0.05,0.01,0.22,0.04,0.49
1690920780.647891,0.11,0.01,0.06,0.01,0.21,0.02,0.57
1690920780.927891,0.14,0.0,0.09,0.0,0.14,0.08,0.54
1690920781.185423,0.07,0.0,0.04,0.02,0.17,0.05,0.64
1690920781.448422,0.17,0.0,0.04,0.02,0.22,0.03,0.51
1690920781.699424,0.08,0.0,0.09,0.01,0.18,0.03,0.6
1690920781.952425,0.07,0.0,0.05,0.05,0.14,0.06,0.64
1690920782.199947,0.12,0.0,0.05,0.05,0.17,0.08,0.54
1690920782.476948,0.08,0.0,0.06,0.0,0.21,0.01,0.63
1690920782.742953,0.09,0.01,0.09,0.01,0.17,0.03,0.6
1690920783.008955,0.07,0.0,0.09,0.01,0.13,0.1,0.59
1690920783.249955,0.11,0.0,0.08,0.0,0.09,0.05,0.66
1690920783.513959,0.07,0.0,0.15,0.0,0.16,0.07,0.54
1690920783.763961,0.05,0.01,0.06,0.04,0.12,0.1,0.63
1690920784.010961,0.05,0.0,0.09,0.01,0.11,0.07,0.65
1690920784.283963,0.08,0.0,0.09,0.0,0.1,0.05,0.68
1690920784.529965,0.1,0.0,0.09,0.0,0.11,0.12,0.58
1690920784.778968,0.08,0.0,0.07,0.0,0.22,0.04,0.59
1690920785.03797,0.1,0.0,0.09,0.0,0.1,0.06,0.65
1690920785.29397,0.11,0.0,0.07,0.0,0.15,0.02,0.65
1690920785.543973,0.05,0.0,0.03,0.01,0.12,0.01,0.79
1690920785.793973,0.05,0.0,0.04,0.01,0.12,0.02,0.77
1690920786.049975,0.1,0.0,0.09,0.0,0.11,0.04,0.65
1690920786.293976,0.05,0.0,0.04,0.01,0.12,0.01,0.77
1690920786.555981,0.08,0.0,0.07,0.01,0.13,0.07,0.63
1690920786.809983,0.1,0.0,0.09,0.0,0.12,0.18,0.51
1690920787.059985,0.08,0.0,0.05,0.0,0.13,0.08,0.66
1690920787.311987,0.07,0.0,0.1,0.01,0.16,0.05,0.61
1690920787.566991,0.03,0.0,0.04,0.0,0.12,0.02,0.78
1690920787.823987,0.12,0.0,0.09,0.0,0.11,0.11,0.56
1690920788.067994,0.13,0.0,0.08,0.01,0.16,0.08,0.54
1690920788.336995,0.18,0.0,0.13,0.01,0.24,0.03,0.41
1690920788.591996,0.23,0.0,0.11,0.0,0.26,0.04,0.35
1690920788.869998,0.14,0.0,0.1,0.0,0.35,0.03,0.37
1690920789.134998,0.11,0.0,0.07,0.01,0.25,0.03,0.52
1690920789.375001,0.16,0.0,0.12,0.0,0.41,0.02,0.29
1690920789.623002,0.11,0.01,0.08,0.01,0.22,0.03,0.53
1690920789.857005,0.15,0.01,0.07,0.01,0.23,0.05,0.48
1690920790.094007,0.15,0.0,0.1,0.0,0.26,0.09,0.4
1690920790.341007,0.19,0.01,0.04,0.01,0.29,0.06,0.41
1690920790.573008,0.13,0.0,0.04,0.01,0.32,0.04,0.46
1690920790.819014,0.24,0.0,0.03,0.0,0.22,0.1,0.4
1690920791.060011,0.11,0.0,0.06,0.01,0.26,0.03,0.53
1690920791.297016,0.13,0.0,0.09,0.0,0.23,0.1,0.45
1690920791.555618,0.17,0.0,0.08,0.01,0.26,0.06,0.44
1690920791.781621,0.09,0.0,0.09,0.0,0.22,0.05,0.53
1690920792.030624,0.11,0.0,0.04,0.0,0.27,0.02,0.56
1690920792.276626,0.17,0.01,0.07,0.0,0.28,0.06,0.41
1690920792.538626,0.12,0.0,0.07,0.0,0.24,0.03,0.54
1690920792.781626,0.16,0.0,0.11,0.0,0.23,0.09,0.4
1690920793.016632,0.16,0.0,0.09,0.0,0.27,0.09,0.38
1690920793.266631,0.16,0.0,0.07,0.0,0.27,0.07,0.42
1690920793.504634,0.19,0.0,0.06,0.0,0.14,0.31,0.31
1690920793.726658,0.24,0.0,0.07,0.0,0.23,0.21,0.25
1690920793.957637,0.16,0.0,0.12,0.0,0.26,0.11,0.36
1690920794.196638,0.19,0.0,0.04,0.0,0.32,0.02,0.42
1690920794.422638,0.17,0.0,0.04,0.0,0.27,0.03,0.49
1690920794.668642,0.14,0.0,0.04,0.0,0.36,0.01,0.45
1690920794.89764,0.15,0.0,0.04,0.0,0.38,0.01,0.41
1690920795.123645,0.21,0.0,0.08,0.0,0.28,0.06,0.36
1690920795.359646,0.21,0.0,0.06,0.0,0.3,0.03,0.4
1690920795.597645,0.33,0.0,0.07,0.0,0.21,0.06,0.32
1690920795.825651,0.37,0.0,0.07,0.0,0.19,0.08,0.29
1690920796.056653,0.2,0.0,0.11,0.0,0.12,0.15,0.41
1690920796.296651,0.09,0.0,0.08,0.0,0.27,0.02,0.53
1690920796.533655,0.05,0.0,0.11,0.0,0.18,0.04,0.62
1690920796.762657,0.03,0.0,0.07,0.0,0.15,0.03,0.72
1690920796.984656,0.02,0.0,0.11,0.01,0.11,0.01,0.75
1690920797.20766,0.02,0.0,0.06,0.0,0.07,0.01,0.84
1690920797.423662,0.04,0.0,0.16,0.0,0.15,0.13,0.51
1690920797.656662,0.02,0.0,0.12,0.0,0.08,0.22,0.56
1690920797.894663,0.05,0.0,0.1,0.01,0.18,0.19,0.47
1690920798.124666,0.1,0.0,0.11,0.0,0.42,0.02,0.34
1690920798.369668,0.07,0.0,0.03,0.03,0.21,0.01,0.64
1690920798.600671,0.03,0.0,0.05,0.12,0.19,0.02,0.59
1690920798.84967,0.03,0.0,0.03,0.11,0.15,0.02,0.66
1690920799.069672,0.04,0.0,0.03,0.07,0.17,0.02,0.68
1690920799.311674,0.03,0.0,0.07,0.04,0.17,0.02,0.68
1690920799.539677,0.02,0.0,0.03,0.01,0.14,0.0,0.79
1690920799.78368,0.01,0.0,0.02,0.02,0.11,0.01,0.82
1690920800.011682,0.03,0.0,0.03,0.01,0.13,0.0,0.81
1690920800.247682,0.05,0.0,0.04,0.02,0.14,0.02,0.72
1690920800.487684,0.12,0.01,0.09,0.03,0.16,0.07,0.52
1690920800.722685,0.06,0.0,0.04,0.01,0.12,0.02,0.75
1690920800.960685,0.05,0.0,0.04,0.02,0.19,0.02,0.68
1690920801.184691,0.15,0.02,0.12,0.01,0.23,0.06,0.41
1690920801.41769,0.22,0.0,0.05,0.01,0.25,0.03,0.43
1690920801.633693,0.1,0.01,0.11,0.0,0.23,0.04,0.51
1690920801.855694,0.22,0.01,0.07,0.01,0.33,0.03,0.33
1690920802.080697,0.22,0.0,0.09,0.0,0.23,0.06,0.39
1690920802.312698,0.11,0.0,0.06,0.01,0.26,0.03,0.54
1690920802.549697,0.07,0.0,0.09,0.0,0.24,0.05,0.54
1690920802.7767,0.23,0.02,0.28,0.0,0.17,0.09,0.2
1690920802.995703,0.08,0.0,0.04,0.01,0.19,0.02,0.66
1690920803.219301,0.11,0.0,0.07,0.01,0.19,0.03,0.6
1690920803.449303,0.07,0.0,0.07,0.0,0.14,0.04,0.68
1690920803.678318,0.13,0.0,0.07,0.01,0.19,0.02,0.58
1690920803.911308,0.09,0.01,0.13,0.01,0.11,0.05,0.59
1690920804.130307,0.04,0.0,0.06,0.01,0.13,0.02,0.74
1690920804.34931,0.07,0.0,0.06,0.01,0.23,0.05,0.58
1690920804.578314,0.18,0.0,0.1,0.01,0.16,0.19,0.36
1690920804.804315,0.09,0.0,0.07,0.01,0.29,0.04,0.49
1690920805.037314,0.04,0.0,0.06,0.0,0.25,0.01,0.63
1690920805.255319,0.04,0.0,0.08,0.0,0.18,0.02,0.68
1690920805.486319,0.05,0.0,0.04,0.01,0.14,0.01,0.76
1690920805.70132,0.11,0.0,0.05,0.0,0.22,0.06,0.56
1690920805.926324,0.08,0.0,0.07,0.0,0.22,0.02,0.6
1690920806.144324,0.11,0.0,0.05,0.0,0.18,0.01,0.64
1690920806.373326,0.21,0.0,0.04,0.02,0.19,0.04,0.51
1690920806.609325,0.13,0.0,0.04,0.11,0.27,0.05,0.4
1690920806.825329,0.1,0.0,0.04,0.01,0.21,0.03,0.62
1690920807.063331,0.13,0.0,0.07,0.01,0.25,0.07,0.47
1690920807.283333,0.2,0.0,0.03,0.02,0.2,0.03,0.51
1690920807.509336,0.09,0.0,0.06,0.01,0.25,0.02,0.57
1690920807.727334,0.27,0.01,0.05,0.01,0.2,0.05,0.41
1690920807.953336,0.09,0.0,0.06,0.02,0.21,0.07,0.55
1690920808.176339,0.12,0.0,0.07,0.01,0.3,0.11,0.38
1690920808.403339,0.09,0.01,0.05,0.01,0.23,0.07,0.55
1690920808.62234,0.13,0.0,0.06,0.01,0.19,0.06,0.54
1690920808.887346,0.1,0.0,0.03,0.02,0.24,0.05,0.57
1690920809.103345,0.16,0.0,0.05,0.01,0.26,0.04,0.48
1690920809.337346,0.16,0.0,0.06,0.01,0.22,0.09,0.46
1690920809.562348,0.1,0.0,0.06,0.0,0.34,0.07,0.42
1690920809.78735,0.05,0.0,0.05,0.0,0.17,0.02,0.71
1690920810.008353,0.09,0.0,0.07,0.0,0.11,0.04,0.68
1690920810.228355,0.06,0.01,0.07,0.0,0.32,0.04,0.5
1690920810.445353,0.05,0.0,0.07,0.0,0.17,0.03,0.68
1690920810.660399,0.04,0.0,0.04,0.0,0.1,0.04,0.78
1690920810.886396,0.06,0.0,0.05,0.0,0.13,0.05,0.71
1690920811.1124,0.22,0.01,0.06,0.0,0.27,0.07,0.38
1690920811.3294,0.1,0.01,0.08,0.01,0.33,0.08,0.39
1690920811.559401,0.21,0.0,0.06,0.0,0.29,0.08,0.35
1690920811.785406,0.11,0.0,0.08,0.01,0.26,0.07,0.48
1690920812.010409,0.08,0.01,0.06,0.01,0.28,0.07,0.5
1690920812.233408,0.1,0.0,0.08,0.0,0.28,0.03,0.5
1690920812.459409,0.1,0.01,0.07,0.01,0.32,0.07,0.43
1690920812.681411,0.08,0.01,0.07,0.01,0.37,0.06,0.4
1690920812.913411,0.07,0.01,0.07,0.0,0.35,0.06,0.44
1690920813.118414,0.08,0.01,0.08,0.01,0.35,0.05,0.41
1690920813.342935,0.1,0.0,0.06,0.0,0.35,0.02,0.45
1690920813.562936,0.07,0.02,0.08,0.01,0.34,0.04,0.44
1690920813.787934,0.06,0.01,0.08,0.0,0.37,0.04,0.43
1690920814.028938,0.09,0.0,0.09,0.0,0.29,0.04,0.48
1690920814.247939,0.07,0.01,0.1,0.0,0.28,0.03,0.51
1690920814.461939,0.06,0.01,0.07,0.0,0.43,0.01,0.42
1690920814.671941,0.02,0.0,0.03,0.01,0.12,0.01,0.8
1690920814.888944,0.05,0.0,0.04,0.01,0.15,0.02,0.73
1690920815.107945,0.06,0.0,0.04,0.01,0.14,0.02,0.73
1690920815.321945,0.1,0.0,0.07,0.0,0.21,0.05,0.56
1690920815.541949,0.12,0.0,0.06,0.01,0.25,0.03,0.53
1690920815.75495,0.09,0.0,0.06,0.0,0.2,0.03,0.61
1690920815.96095,0.1,0.0,0.31,0.0,0.25,0.18,0.14
1690920816.179465,0.15,0.0,0.16,0.0,0.22,0.12,0.35
1690920816.384465,0.03,0.0,0.06,0.01,0.08,0.03,0.79
1690920816.603466,0.09,0.01,0.11,0.01,0.16,0.04,0.59
1690920816.821469,0.12,0.0,0.08,0.0,0.18,0.04,0.58
1690920817.03447,0.12,0.01,0.06,0.0,0.28,0.03,0.51
1690920817.247474,0.14,0.0,0.11,0.02,0.27,0.09,0.36
1690920817.466475,0.2,0.0,0.09,0.0,0.31,0.05,0.35
1690920817.675478,0.29,0.01,0.06,0.0,0.24,0.05,0.34
1690920817.879477,0.1,0.01,0.1,0.01,0.34,0.02,0.43
1690920818.08848,0.11,0.0,0.13,0.0,0.16,0.07,0.53
1690920818.290481,0.09,0.0,0.08,0.0,0.17,0.05,0.61
1690920818.498481,0.25,0.0,0.08,0.0,0.33,0.06,0.28
1690920818.696483,0.09,0.02,0.15,0.0,0.27,0.07,0.4
1690920818.920045,0.05,0.0,0.04,0.0,0.14,0.06,0.7
1690920819.132045,0.08,0.0,0.08,0.01,0.14,0.13,0.57
1690920819.347047,0.07,0.0,0.08,0.01,0.39,0.06,0.39
1690920819.549048,0.15,0.0,0.09,0.0,0.22,0.11,0.43
1690920819.763051,0.11,0.0,0.11,0.0,0.35,0.1,0.32
1690920819.97805,0.05,0.0,0.04,0.01,0.17,0.03,0.71
1690920820.191641,0.1,0.01,0.05,0.0,0.37,0.01,0.45
1690920820.402645,0.18,0.0,0.11,0.0,0.34,0.04,0.33
1690920820.608643,0.14,0.0,0.07,0.0,0.31,0.06,0.41
1690920820.822646,0.16,0.0,0.08,0.0,0.32,0.05,0.39
1690920821.029645,0.15,0.0,0.07,0.0,0.33,0.06,0.38
1690920821.234647,0.21,0.0,0.07,0.0,0.23,0.05,0.43
1690920821.449646,0.19,0.0,0.08,0.0,0.24,0.03,0.45
1690920821.673168,0.17,0.0,0.08,0.0,0.32,0.04,0.4
1690920821.886166,0.14,0.0,0.09,0.0,0.31,0.04,0.41
1690920822.088166,0.1,0.0,0.15,0.0,0.26,0.08,0.4
1690920822.299169,0.13,0.0,0.08,0.0,0.31,0.02,0.45
1690920822.51517,0.11,0.0,0.1,0.0,0.2,0.07,0.51
1690920822.721175,0.07,0.0,0.08,0.01,0.26,0.03,0.55
1690920822.928175,0.15,0.0,0.12,0.01,0.23,0.04,0.45
1690920823.138175,0.12,0.0,0.1,0.01,0.29,0.02,0.46
1690920823.359176,0.11,0.0,0.13,0.0,0.28,0.08,0.4
1690920823.576179,0.13,0.0,0.09,0.01,0.34,0.12,0.31
1690920823.79018,0.13,0.0,0.12,0.01,0.29,0.11,0.33
1690920824.012181,0.17,0.0,0.06,0.01,0.28,0.08,0.4
1690920824.239222,0.04,0.0,0.07,0.01,0.11,0.02,0.75
1690920824.458222,0.08,0.02,0.1,0.01,0.29,0.09,0.41
1690920824.669223,0.04,0.0,0.06,0.01,0.26,0.02,0.6
1690920824.880223,0.06,0.01,0.07,0.0,0.29,0.06,0.51
1690920825.088225,0.02,0.0,0.04,0.0,0.11,0.01,0.83
1690920825.300228,0.07,0.0,0.06,0.0,0.21,0.05,0.61
1690920825.510227,0.03,0.0,0.05,0.0,0.16,0.02,0.73
1690920825.729229,0.07,0.0,0.04,0.0,0.14,0.02,0.73
1690920825.928234,0.03,0.0,0.02,0.0,0.11,0.01,0.83
1690920826.126234,0.03,0.0,0.03,0.01,0.1,0.03,0.81
1690920826.350234,0.09,0.01,0.05,0.0,0.31,0.03,0.52
1690920826.557238,0.06,0.01,0.07,0.0,0.27,0.05,0.54
1690920826.755238,0.07,0.0,0.07,0.0,0.28,0.08,0.49
1690920826.962239,0.08,0.01,0.09,0.0,0.33,0.08,0.41
1690920827.167242,0.07,0.0,0.08,0.01,0.32,0.05,0.46
1690920827.384243,0.13,0.0,0.09,0.0,0.42,0.05,0.3
1690920827.605244,0.05,0.0,0.07,0.01,0.11,0.09,0.66
1690920827.823244,0.09,0.01,0.08,0.0,0.27,0.04,0.51
1690920828.039246,0.09,0.01,0.06,0.0,0.33,0.03,0.47
1690920828.24425,0.14,0.01,0.08,0.01,0.31,0.05,0.4
1690920828.458283,0.09,0.01,0.07,0.0,0.23,0.04,0.55
1690920828.658282,0.16,0.01,0.16,0.0,0.28,0.14,0.25
1690920828.881284,0.09,0.0,0.07,0.01,0.26,0.07,0.5
1690920829.085285,0.13,0.01,0.08,0.0,0.32,0.08,0.37
1690920829.315286,0.1,0.01,0.15,0.01,0.31,0.11,0.32
1690920829.522287,0.14,0.01,0.15,0.0,0.44,0.07,0.18
1690920829.738288,0.1,0.01,0.05,0.01,0.26,0.05,0.53
1690920829.94629,0.11,0.0,0.14,0.01,0.36,0.09,0.29
1690920830.151295,0.1,0.01,0.08,0.0,0.25,0.06,0.5
1690920830.366293,0.1,0.01,0.04,0.01,0.28,0.04,0.52
1690920830.571297,0.08,0.01,0.1,0.0,0.33,0.06,0.42
1690920830.774297,0.09,0.0,0.08,0.0,0.23,0.04,0.55
1690920830.981297,0.06,0.0,0.05,0.01,0.19,0.03,0.67
1690920831.184299,0.08,0.0,0.02,0.01,0.29,0.01,0.58
1690920831.408304,0.08,0.0,0.05,0.0,0.29,0.03,0.54
1690920831.615303,0.07,0.0,0.06,0.01,0.21,0.02,0.63
1690920831.814303,0.1,0.0,0.04,0.01,0.28,0.02,0.55
1690920832.012307,0.09,0.0,0.05,0.01,0.28,0.07,0.5
1690920832.216306,0.07,0.0,0.06,0.0,0.33,0.02,0.52
1690920832.430827,0.13,0.0,0.08,0.0,0.37,0.01,0.41
1690920832.628343,0.16,0.0,0.06,0.0,0.2,0.05,0.53
1690920832.833341,0.05,0.0,0.03,0.01,0.25,0.04,0.62
1690920833.044343,0.1,0.0,0.08,0.0,0.3,0.02,0.5
1690920833.238345,0.1,0.0,0.03,0.0,0.26,0.03,0.58
1690920833.440346,0.06,0.0,0.03,0.0,0.16,0.02,0.73
1690920833.64835,0.1,0.0,0.04,0.0,0.14,0.03,0.68
1690920833.84435,0.12,0.0,0.04,0.0,0.26,0.03,0.54
1690920834.04835,0.05,0.0,0.04,0.01,0.23,0.01,0.66
1690920834.248353,0.06,0.0,0.07,0.0,0.22,0.04,0.62
1690920834.465353,0.08,0.0,0.07,0.0,0.24,0.02,0.58
1690920834.661357,0.12,0.0,0.06,0.0,0.25,0.02,0.54
1690920834.860357,0.13,0.0,0.05,0.0,0.22,0.04,0.57
1690920835.052359,0.12,0.0,0.08,0.0,0.3,0.02,0.47
1690920835.248359,0.14,0.0,0.05,0.0,0.34,0.02,0.44
1690920835.450359,0.18,0.0,0.05,0.0,0.32,0.01,0.44
1690920835.640365,0.15,0.0,0.06,0.0,0.25,0.02,0.51
1690920835.841363,0.1,0.0,0.06,0.0,0.2,0.07,0.57
1690920836.049364,0.13,0.0,0.08,0.0,0.28,0.04,0.47
1690920836.247365,0.11,0.01,0.08,0.0,0.29,0.08,0.43
1690920836.452367,0.06,0.0,0.03,0.01,0.3,0.05,0.55
1690920836.659372,0.05,0.0,0.03,0.0,0.24,0.05,0.61
1690920836.858372,0.07,0.0,0.03,0.01,0.35,0.03,0.51
1690920837.056373,0.11,0.0,0.07,0.0,0.29,0.03,0.49
1690920837.255374,0.07,0.0,0.04,0.0,0.14,0.06,0.69
1690920837.467374,0.1,0.0,0.07,0.0,0.22,0.02,0.59
1690920837.661376,0.06,0.0,0.04,0.0,0.35,0.02,0.52
1690920837.85443,0.06,0.0,0.04,0.0,0.26,0.04,0.59
1690920838.060429,0.07,0.0,0.04,0.0,0.26,0.01,0.62
1690920838.258431,0.07,0.0,0.09,0.0,0.13,0.04,0.67
1690920838.462433,0.07,0.0,0.11,0.0,0.17,0.07,0.58
1690920838.657434,0.11,0.0,0.1,0.0,0.14,0.1,0.54
1690920838.870436,0.04,0.0,0.05,0.0,0.17,0.03,0.71
1690920839.109438,0.09,0.0,0.05,0.0,0.28,0.03,0.55
1690920839.32344,0.05,0.0,0.07,0.0,0.17,0.06,0.65
1690920839.558445,0.12,0.0,0.06,0.0,0.22,0.05,0.54
1690920839.768442,0.02,0.0,0.05,0.01,0.14,0.01,0.76
1690920839.984445,0.09,0.0,0.09,0.0,0.13,0.09,0.6
1690920840.192477,0.08,0.0,0.03,0.0,0.18,0.01,0.69
1690920840.396482,0.09,0.0,0.11,0.0,0.19,0.04,0.57
1690920840.603483,0.04,0.0,0.06,0.0,0.25,0.01,0.63
1690920840.800482,0.03,0.0,0.05,0.0,0.21,0.01,0.7
1690920841.023482,0.04,0.0,0.05,0.0,0.18,0.02,0.71
1690920841.216486,0.17,0.01,0.08,0.0,0.31,0.02,0.4
1690920841.420487,0.21,0.0,0.08,0.0,0.31,0.02,0.39
1690920841.619489,0.11,0.0,0.08,0.0,0.35,0.01,0.44
1690920841.824489,0.03,0.0,0.03,0.0,0.13,0.01,0.8
1690920842.027543,0.21,0.0,0.04,0.0,0.15,0.02,0.58
1690920842.216546,0.06,0.0,0.09,0.0,0.2,0.02,0.62
1690920842.417547,0.16,0.0,0.08,0.0,0.22,0.03,0.5
1690920842.626549,0.14,0.0,0.07,0.0,0.19,0.07,0.52
1690920842.823551,0.12,0.0,0.09,0.0,0.23,0.09,0.46
1690920843.039552,0.07,0.0,0.07,0.0,0.21,0.03,0.62
1690920843.237553,0.05,0.0,0.04,0.0,0.21,0.02,0.68
1690920843.438554,0.06,0.0,0.11,0.0,0.14,0.07,0.61
1690920843.640554,0.09,0.0,0.06,0.0,0.15,0.01,0.69
1690920843.840555,0.05,0.0,0.1,0.01,0.24,0.04,0.57
1690920844.050558,0.05,0.0,0.1,0.01,0.18,0.03,0.63
1690920844.244563,0.04,0.0,0.07,0.0,0.2,0.02,0.66
1690920844.449562,0.04,0.0,0.12,0.0,0.17,0.01,0.66
1690920844.663078,0.06,0.0,0.05,0.0,0.15,0.05,0.68
1690920844.853604,0.06,0.0,0.04,0.0,0.12,0.04,0.73
1690920845.076604,0.04,0.0,0.1,0.0,0.33,0.01,0.51
1690920845.271608,0.11,0.0,0.11,0.0,0.17,0.08,0.53
1690920845.478608,0.13,0.0,0.11,0.0,0.17,0.08,0.51
1690920845.686613,0.05,0.0,0.03,0.01,0.14,0.02,0.76
1690920845.898611,0.05,0.0,0.03,0.0,0.13,0.03,0.76
1690920846.100611,0.14,0.0,0.06,0.0,0.28,0.04,0.48
1690920846.307613,0.05,0.0,0.07,0.0,0.17,0.11,0.6
1690920846.522616,0.05,0.0,0.03,0.0,0.13,0.01,0.77
1690920846.748618,0.11,0.0,0.05,0.0,0.17,0.05,0.6
1690920846.964618,0.04,0.0,0.04,0.0,0.15,0.05,0.71
1690920847.179622,0.06,0.0,0.05,0.0,0.16,0.05,0.68
1690920847.381625,0.07,0.0,0.08,0.0,0.16,0.03,0.66
1690920847.577622,0.08,0.0,0.06,0.0,0.28,0.03,0.55
1690920847.781636,0.02,0.0,0.08,0.0,0.12,0.02,0.77
1690920847.975625,0.12,0.0,0.07,0.0,0.22,0.02,0.56
1690920848.192627,0.04,0.0,0.02,0.0,0.11,0.0,0.82
1690920848.397627,0.18,0.0,0.07,0.0,0.22,0.05,0.47
1690920848.59763,0.12,0.0,0.06,0.0,0.28,0.02,0.51
1690920848.792663,0.07,0.0,0.05,0.0,0.29,0.03,0.55
1690920849.027665,0.13,0.0,0.1,0.0,0.23,0.09,0.46
1690920849.240665,0.13,0.0,0.09,0.0,0.36,0.07,0.35
1690920849.442668,0.18,0.01,0.09,0.01,0.28,0.12,0.31
1690920849.643667,0.26,0.0,0.1,0.01,0.25,0.11,0.27
1690920849.84367,0.14,0.0,0.07,0.01,0.24,0.06,0.48
1690920850.044673,0.1,0.0,0.08,0.0,0.29,0.04,0.49
1690920850.247673,0.11,0.0,0.09,0.0,0.31,0.1,0.39
1690920850.454675,0.17,0.0,0.08,0.0,0.32,0.04,0.38
1690920850.654675,0.13,0.0,0.08,0.01,0.36,0.06,0.36
1690920850.856677,0.1,0.0,0.11,0.0,0.28,0.03,0.48
1690920851.058678,0.16,0.0,0.1,0.01,0.3,0.06,0.37
1690920851.265681,0.13,0.0,0.1,0.0,0.35,0.06,0.35
1690920851.470682,0.06,0.0,0.12,0.0,0.36,0.02,0.44
1690920851.685684,0.14,0.02,0.1,0.0,0.29,0.02,0.42
1690920851.886687,0.11,0.01,0.12,0.0,0.31,0.03,0.43
1690920852.095686,0.09,0.0,0.11,0.0,0.35,0.01,0.43
1690920852.292687,0.08,0.0,0.12,0.0,0.22,0.04,0.54
1690920852.501688,0.05,0.0,0.1,0.0,0.3,0.02,0.52
1690920852.704692,0.13,0.01,0.06,0.0,0.41,0.01,0.38
1690920852.915694,0.06,0.0,0.07,0.01,0.26,0.03,0.57
1690920853.132696,0.14,0.0,0.1,0.0,0.21,0.04,0.5
1690920853.337696,0.15,0.0,0.07,0.0,0.23,0.03,0.52
1690920853.549698,0.1,0.0,0.12,0.0,0.3,0.06,0.42
1690920853.7557,0.13,0.01,0.12,0.0,0.23,0.07,0.45
1690920853.975699,0.11,0.01,0.08,0.0,0.28,0.03,0.48
1690920854.185701,0.05,0.0,0.1,0.0,0.21,0.06,0.58
1690920854.409702,0.02,0.0,0.07,0.0,0.21,0.02,0.67
1690920854.608705,0.06,0.0,0.04,0.0,0.15,0.01,0.74
1690920854.817708,0.09,0.0,0.05,0.0,0.16,0.01,0.68
1690920855.045708,0.06,0.0,0.05,0.0,0.4,0.02,0.47
1690920855.25571,0.12,0.0,0.07,0.0,0.36,0.03,0.41
1690920855.473711,0.09,0.0,0.05,0.0,0.12,0.05,0.69
1690920855.685714,0.08,0.0,0.07,0.0,0.18,0.04,0.62
1690920855.912715,0.09,0.0,0.14,0.0,0.22,0.05,0.5
1690920856.126717,0.12,0.0,0.1,0.0,0.18,0.04,0.56
1690920856.333717,0.29,0.0,0.1,0.0,0.28,0.04,0.29
1690920856.555719,0.16,0.02,0.12,0.0,0.32,0.04,0.34
1690920856.767721,0.16,0.0,0.1,0.0,0.24,0.05,0.44
1690920856.984722,0.16,0.0,0.07,0.0,0.28,0.03,0.46
1690920857.189724,0.09,0.0,0.08,0.0,0.21,0.04,0.58
1690920857.411728,0.12,0.0,0.13,0.0,0.19,0.03,0.54
1690920857.621728,0.1,0.0,0.07,0.0,0.19,0.06,0.58
1690920857.835731,0.16,0.0,0.14,0.0,0.26,0.07,0.37
1690920858.051729,0.12,0.0,0.13,0.0,0.19,0.06,0.49
1690920858.259731,0.07,0.0,0.06,0.0,0.37,0.05,0.44
1690920858.481733,0.19,0.01,0.09,0.0,0.37,0.06,0.28
1690920858.689733,0.18,0.0,0.13,0.0,0.35,0.03,0.31
1690920858.900737,0.07,0.0,0.11,0.0,0.46,0.03,0.31
1690920859.130739,0.12,0.0,0.1,0.0,0.28,0.04,0.45
1690920859.37474,0.15,0.0,0.09,0.0,0.21,0.04,0.5
1690920859.595742,0.15,0.0,0.07,0.0,0.41,0.02,0.36
1690920859.806741,0.1,0.0,0.07,0.0,0.29,0.02,0.53
1690920860.033745,0.16,0.0,0.07,0.0,0.21,0.02,0.54
1690920860.247746,0.15,0.0,0.06,0.0,0.14,0.08,0.57
1690920860.461747,0.07,0.0,0.08,0.0,0.14,0.04,0.68
1690920860.677749,0.2,0.01,0.11,0.0,0.31,0.14,0.24
1690920860.911754,0.1,0.0,0.06,0.0,0.19,0.06,0.58
1690920861.139752,0.07,0.0,0.09,0.0,0.18,0.07,0.58
1690920861.356754,0.13,0.0,0.08,0.0,0.38,0.05,0.35
1690920861.570756,0.07,0.0,0.05,0.0,0.14,0.03,0.71
1690920861.78676,0.08,0.0,0.05,0.0,0.14,0.02,0.72
1690920862.00576,0.13,0.01,0.13,0.0,0.3,0.04,0.39
1690920862.230762,0.15,0.0,0.13,0.01,0.3,0.06,0.35
1690920862.480762,0.2,0.0,0.08,0.0,0.39,0.03,0.29
1690920862.692765,0.16,0.0,0.05,0.0,0.29,0.04,0.46
1690920862.918768,0.08,0.0,0.11,0.0,0.29,0.03,0.48
1690920863.161768,0.12,0.0,0.15,0.0,0.3,0.02,0.41
1690920863.383768,0.19,0.0,0.13,0.0,0.28,0.08,0.32
1690920863.596771,0.27,0.0,0.04,0.0,0.4,0.01,0.28
1690920863.818774,0.26,0.0,0.05,0.0,0.45,0.01,0.22
1690920864.069775,0.24,0.0,0.06,0.0,0.35,0.02,0.33
1690920864.290774,0.1,0.0,0.04,0.01,0.48,0.02,0.36
1690920864.531791,0.15,0.0,0.12,0.0,0.23,0.11,0.39
1690920864.76878,0.19,0.0,0.13,0.0,0.31,0.05,0.31
1690920865.013781,0.13,0.0,0.12,0.0,0.19,0.19,0.38
1690920865.237782,0.27,0.0,0.06,0.0,0.28,0.03,0.36
1690920865.472866,0.2,0.0,0.07,0.0,0.47,0.02,0.23
1690920865.690868,0.22,0.01,0.07,0.0,0.3,0.14,0.26
1690920865.923869,0.16,0.0,0.09,0.0,0.27,0.01,0.47
1690920866.142873,0.23,0.0,0.06,0.0,0.27,0.02,0.41
1690920866.357875,0.16,0.0,0.09,0.0,0.25,0.08,0.42
1690920866.574876,0.14,0.0,0.07,0.01,0.23,0.06,0.49
1690920866.794878,0.1,0.0,0.08,0.0,0.19,0.09,0.52
1690920867.028878,0.2,0.0,0.1,0.01,0.25,0.16,0.28
1690920867.246881,0.19,0.0,0.06,0.01,0.4,0.06,0.29
1690920867.533885,0.2,0.0,0.07,0.0,0.21,0.04,0.47
1690920867.749884,0.19,0.0,0.08,0.0,0.24,0.03,0.46
1690920867.973932,0.05,0.0,0.06,0.01,0.22,0.02,0.65
1690920868.200933,0.05,0.0,0.11,0.0,0.16,0.06,0.61
1690920868.444935,0.07,0.0,0.03,0.01,0.15,0.02,0.72
1690920868.661939,0.05,0.0,0.09,0.0,0.2,0.06,0.59
1690920868.88494,0.13,0.0,0.09,0.0,0.34,0.04,0.4
1690920869.13594,0.12,0.01,0.06,0.01,0.32,0.05,0.43
1690920869.366941,0.11,0.01,0.11,0.0,0.3,0.08,0.39
1690920869.606942,0.08,0.0,0.08,0.01,0.4,0.13,0.3
1690920869.827949,0.13,0.0,0.07,0.0,0.33,0.08,0.39
1690920870.070946,0.14,0.0,0.06,0.0,0.19,0.03,0.58
1690920870.297948,0.12,0.0,0.05,0.01,0.38,0.02,0.43
1690920870.532948,0.08,0.0,0.06,0.0,0.13,0.05,0.68
1690920870.74995,0.12,0.0,0.03,0.0,0.26,0.03,0.56
1690920870.983953,0.09,0.0,0.07,0.01,0.24,0.06,0.52
1690920871.202955,0.28,0.0,0.06,0.0,0.35,0.03,0.27
1690920871.427957,0.26,0.0,0.05,0.01,0.33,0.05,0.31
1690920871.663959,0.21,0.0,0.05,0.01,0.39,0.04,0.3
1690920871.878961,0.12,0.01,0.09,0.0,0.54,0.02,0.22
1690920872.096002,0.21,0.0,0.06,0.01,0.39,0.04,0.29
1690920872.323003,0.11,0.0,0.07,0.01,0.31,0.07,0.44
1690920872.540007,0.18,0.0,0.07,0.0,0.31,0.09,0.35
1690920872.766006,0.12,0.0,0.04,0.0,0.11,0.02,0.7
1690920872.991008,0.33,0.0,0.06,0.01,0.3,0.03,0.27
1690920873.21301,0.05,0.0,0.13,0.0,0.26,0.04,0.52
1690920873.435013,0.06,0.0,0.08,0.0,0.31,0.03,0.51
1690920873.687015,0.11,0.01,0.04,0.0,0.39,0.01,0.44
1690920873.926016,0.06,0.0,0.07,0.0,0.22,0.02,0.63
1690920874.159019,0.08,0.0,0.1,0.0,0.38,0.06,0.39
1690920874.405021,0.06,0.0,0.06,0.0,0.16,0.06,0.65
1690920874.639066,0.12,0.0,0.05,0.0,0.29,0.02,0.53
1690920874.881067,0.2,0.0,0.08,0.0,0.39,0.01,0.31
1690920875.12807,0.26,0.0,0.04,0.0,0.3,0.01,0.39
1690920875.362073,0.17,0.0,0.05,0.0,0.33,0.01,0.44
1690920875.608075,0.09,0.0,0.1,0.0,0.33,0.05,0.43
1690920875.853076,0.09,0.0,0.11,0.0,0.27,0.07,0.46
1690920876.114078,0.2,0.0,0.05,0.0,0.5,0.05,0.2
1690920876.366079,0.16,0.0,0.08,0.0,0.47,0.03,0.26
1690920876.622081,0.25,0.0,0.12,0.0,0.36,0.04,0.22
1690920876.857084,0.22,0.0,0.13,0.0,0.38,0.03,0.22
1690920877.094085,0.08,0.0,0.09,0.0,0.23,0.07,0.53
1690920877.336087,0.11,0.0,0.13,0.0,0.29,0.06,0.41
1690920877.584091,0.15,0.0,0.12,0.0,0.51,0.03,0.19
1690920877.825089,0.08,0.0,0.1,0.0,0.25,0.03,0.53
1690920878.073093,0.07,0.0,0.08,0.0,0.28,0.07,0.5
1690920878.317096,0.08,0.0,0.09,0.0,0.28,0.07,0.48
1690920878.559098,0.09,0.0,0.13,0.0,0.32,0.07,0.39
1690920878.821149,0.1,0.0,0.13,0.0,0.27,0.09,0.41
1690920879.096151,0.09,0.0,0.07,0.0,0.22,0.05,0.56
1690920879.346153,0.08,0.0,0.02,0.01,0.28,0.03,0.58
1690920879.595154,0.19,0.0,0.06,0.0,0.29,0.13,0.34
1690920879.827159,0.21,0.0,0.05,0.01,0.25,0.15,0.32
1690920880.058159,0.23,0.01,0.09,0.0,0.22,0.14,0.31
1690920880.28716,0.16,0.0,0.03,0.0,0.29,0.02,0.5
1690920880.511161,0.11,0.0,0.04,0.0,0.37,0.02,0.45
1690920880.757163,0.11,0.0,0.07,0.0,0.34,0.08,0.4
1690920881.006166,0.06,0.0,0.12,0.0,0.27,0.05,0.5
1690920881.245168,0.22,0.0,0.05,0.0,0.28,0.02,0.42
1690920881.478166,0.11,0.0,0.21,0.0,0.26,0.08,0.34
1690920881.713169,0.1,0.0,0.05,0.0,0.17,0.04,0.64
1690920881.957171,0.11,0.0,0.06,0.0,0.22,0.06,0.54
1690920882.197174,0.12,0.0,0.07,0.0,0.13,0.11,0.57
1690920882.429174,0.1,0.0,0.09,0.0,0.2,0.06,0.54
1690920882.668175,0.11,0.0,0.08,0.0,0.21,0.07,0.53
1690920882.906178,0.12,0.0,0.08,0.0,0.2,0.05,0.56
1690920883.145182,0.17,0.0,0.06,0.0,0.22,0.03,0.51
1690920883.390181,0.09,0.0,0.12,0.0,0.25,0.06,0.48
1690920883.628185,0.12,0.0,0.08,0.0,0.35,0.11,0.33
1690920883.880186,0.1,0.0,0.05,0.0,0.23,0.05,0.55
1690920884.145187,0.06,0.0,0.07,0.0,0.17,0.04,0.65
1690920884.402709,0.07,0.0,0.06,0.0,0.13,0.02,0.71
1690920884.641714,0.15,0.0,0.13,0.0,0.17,0.12,0.42
1690920884.907712,0.08,0.0,0.06,0.0,0.24,0.03,0.58
1690920885.157717,0.26,0.01,0.08,0.01,0.33,0.13,0.2
1690920885.418716,0.08,0.01,0.08,0.01,0.44,0.06,0.33
1690920885.660717,0.13,0.01,0.09,0.0,0.49,0.04,0.24
1690920885.92272,0.15,0.0,0.15,0.0,0.25,0.06,0.4
1690920886.167719,0.12,0.01,0.07,0.0,0.45,0.05,0.3
1690920886.417728,0.08,0.01,0.07,0.0,0.45,0.03,0.35
1690920886.672724,0.14,0.01,0.09,0.0,0.47,0.06,0.24
1690920886.934728,0.08,0.02,0.15,0.01,0.46,0.08,0.22
1690920887.193732,0.17,0.0,0.15,0.0,0.27,0.07,0.34
1690920887.463733,0.11,0.01,0.09,0.0,0.44,0.05,0.31
1690920887.713732,0.14,0.01,0.07,0.0,0.44,0.05,0.29
1690920887.975734,0.14,0.01,0.08,0.0,0.19,0.07,0.51
1690920888.217735,0.09,0.0,0.08,0.0,0.2,0.02,0.61
1690920888.54074,0.24,0.0,0.05,0.0,0.27,0.02,0.42
1690920888.804744,0.13,0.0,0.06,0.0,0.29,0.07,0.45
1690920889.061743,0.15,0.0,0.08,0.0,0.15,0.08,0.54
1690920889.318745,0.05,0.0,0.07,0.0,0.15,0.07,0.66
1690920889.584748,0.06,0.0,0.08,0.01,0.16,0.03,0.66
1690920889.83475,0.09,0.0,0.05,0.0,0.15,0.03,0.68
1690920890.091752,0.14,0.0,0.08,0.0,0.21,0.07,0.51
1690920890.343753,0.27,0.0,0.15,0.0,0.27,0.06,0.25
1690920890.597756,0.18,0.0,0.12,0.0,0.21,0.09,0.4
1690920890.851754,0.1,0.0,0.1,0.0,0.25,0.07,0.49
1690920891.100808,0.08,0.0,0.12,0.0,0.3,0.08,0.41
1690920891.360815,0.1,0.0,0.07,0.0,0.19,0.03,0.61
1690920891.618816,0.18,0.0,0.1,0.0,0.29,0.05,0.38
1690920891.875817,0.21,0.0,0.1,0.0,0.34,0.04,0.3
1690920892.132817,0.14,0.0,0.06,0.0,0.3,0.02,0.47
1690920892.396824,0.21,0.0,0.09,0.0,0.24,0.09,0.37
1690920892.646821,0.11,0.0,0.09,0.0,0.3,0.03,0.48
1690920892.918825,0.14,0.0,0.05,0.0,0.21,0.01,0.59
1690920893.195825,0.08,0.0,0.07,0.01,0.16,0.01,0.67
1690920893.456829,0.07,0.0,0.07,0.0,0.16,0.04,0.67
1690920893.722358,0.15,0.0,0.08,0.0,0.33,0.09,0.36
1690920894.010437,0.33,0.0,0.11,0.0,0.23,0.1,0.22
1690920894.272439,0.24,0.0,0.06,0.0,0.17,0.06,0.47
1690920894.550439,0.41,0.0,0.04,0.0,0.25,0.05,0.25
1690920894.78744,0.35,0.0,0.07,0.0,0.28,0.04,0.26
1690920895.057445,0.16,0.01,0.12,0.0,0.26,0.09,0.35
1690920895.314446,0.18,0.0,0.08,0.0,0.17,0.09,0.47
1690920895.584447,0.13,0.0,0.17,0.0,0.23,0.09,0.38
1690920895.849451,0.16,0.0,0.19,0.0,0.21,0.14,0.31
1690920896.114453,0.1,0.0,0.11,0.0,0.21,0.05,0.53
1690920896.382452,0.19,0.0,0.06,0.0,0.33,0.04,0.38
1690920896.666456,0.12,0.0,0.09,0.0,0.21,0.05,0.53
1690920896.926457,0.21,0.0,0.09,0.0,0.34,0.02,0.33
1690920897.20246,0.09,0.0,0.03,0.0,0.38,0.01,0.48
1690920897.470462,0.14,0.0,0.04,0.01,0.3,0.02,0.49
1690920897.738465,0.12,0.0,0.03,0.01,0.38,0.03,0.43
1690920898.014469,0.34,0.0,0.04,0.0,0.28,0.09,0.25
1690920898.282469,0.14,0.0,0.05,0.0,0.34,0.01,0.45
1690920898.552468,0.1,0.0,0.05,0.0,0.25,0.04,0.56
1690920898.832473,0.08,0.0,0.06,0.0,0.12,0.08,0.65
1690920899.114476,0.05,0.0,0.08,0.0,0.15,0.08,0.63
1690920899.410475,0.1,0.0,0.09,0.0,0.3,0.1,0.41
1690920899.713478,0.13,0.0,0.14,0.0,0.25,0.06,0.41
1690920900.006483,0.16,0.0,0.15,0.0,0.25,0.1,0.34
1690920900.313484,0.17,0.0,0.12,0.0,0.23,0.08,0.4
1690920900.644487,0.18,0.0,0.08,0.0,0.23,0.16,0.36
1690920900.96349,0.18,0.0,0.18,0.0,0.21,0.09,0.33
1690920901.276491,0.11,0.0,0.13,0.0,0.27,0.08,0.4
1690920901.575493,0.16,0.01,0.13,0.0,0.23,0.06,0.41
1690920901.856493,0.14,0.0,0.07,0.0,0.27,0.03,0.49
1690920902.151493,0.25,0.0,0.08,0.0,0.29,0.11,0.26
1690920902.436515,0.21,0.0,0.07,0.0,0.33,0.02,0.37
1690920902.738501,0.08,0.0,0.1,0.0,0.18,0.08,0.55
1690920903.013504,0.11,0.0,0.14,0.0,0.22,0.1,0.43
1690920903.287504,0.16,0.01,0.09,0.0,0.2,0.04,0.5
1690920903.584509,0.09,0.01,0.17,0.0,0.2,0.06,0.47
1690920903.863509,0.09,0.0,0.11,0.0,0.15,0.07,0.56
1690920904.15651,0.06,0.0,0.12,0.0,0.43,0.02,0.36
1690920904.428515,0.1,0.0,0.16,0.0,0.19,0.09,0.46
1690920904.730513,0.3,0.0,0.06,0.0,0.25,0.03,0.36
1690920905.023518,0.33,0.0,0.1,0.0,0.23,0.11,0.23
1690920905.325518,0.11,0.0,0.1,0.01,0.22,0.03,0.53
1690920905.623048,0.13,0.0,0.21,0.01,0.16,0.17,0.33
1690920905.912046,0.1,0.0,0.23,0.0,0.15,0.21,0.31
1690920906.20705,0.12,0.0,0.17,0.0,0.24,0.14,0.32
1690920906.509052,0.08,0.0,0.27,0.0,0.15,0.17,0.33
1690920906.821057,0.09,0.0,0.16,0.01,0.2,0.08,0.47
1690920907.127055,0.18,0.0,0.13,0.0,0.28,0.09,0.31
1690920907.42906,0.13,0.0,0.13,0.0,0.21,0.11,0.41
1690920907.72006,0.18,0.0,0.15,0.0,0.22,0.1,0.36
1690920908.023062,0.1,0.0,0.11,0.01,0.23,0.07,0.48
1690920908.306062,0.07,0.0,0.07,0.0,0.28,0.02,0.56
1690920908.609065,0.16,0.0,0.05,0.01,0.26,0.04,0.49
1690920908.90807,0.07,0.0,0.1,0.01,0.15,0.15,0.52
1690920909.225069,0.18,0.0,0.11,0.0,0.36,0.03,0.31
1690920909.532072,0.08,0.0,0.06,0.0,0.17,0.03,0.65
1690920909.841075,0.12,0.0,0.1,0.0,0.24,0.04,0.5
1690920910.152128,0.11,0.0,0.11,0.0,0.24,0.06,0.48
1690920910.455133,0.12,0.0,0.14,0.0,0.21,0.06,0.47
1690920910.768132,0.14,0.0,0.04,0.01,0.48,0.03,0.31
1690920911.062137,0.06,0.0,0.1,0.0,0.15,0.03,0.65
1690920911.374139,0.08,0.0,0.1,0.0,0.26,0.02,0.54
1690920911.69514,0.18,0.0,0.06,0.0,0.39,0.1,0.26
1690920912.025143,0.12,0.0,0.14,0.0,0.29,0.04,0.4
1690920912.338144,0.08,0.0,0.15,0.0,0.15,0.1,0.51
1690920912.674194,0.09,0.0,0.07,0.01,0.35,0.06,0.4
1690920913.006196,0.16,0.01,0.09,0.0,0.37,0.08,0.28
1690920913.311194,0.23,0.0,0.18,0.0,0.17,0.12,0.29
1690920913.63727,0.19,0.0,0.16,0.0,0.18,0.17,0.3
1690920913.946201,0.19,0.0,0.11,0.0,0.29,0.07,0.33
1690920914.280801,0.2,0.0,0.14,0.0,0.28,0.09,0.28
1690920914.600804,0.22,0.0,0.09,0.0,0.23,0.13,0.33
1690920914.948808,0.17,0.0,0.17,0.0,0.38,0.02,0.25
1690920915.242809,0.16,0.0,0.1,0.0,0.5,0.04,0.19
1690920915.530809,0.21,0.0,0.07,0.0,0.48,0.05,0.19
1690920915.820813,0.28,0.0,0.09,0.0,0.3,0.1,0.24
1690920916.136816,0.2,0.0,0.17,0.0,0.29,0.1,0.23
1690920916.447814,0.65,0.0,0.1,0.0,0.18,0.02,0.05
1690920916.742819,0.1,0.0,0.19,0.0,0.15,0.3,0.27
1690920917.054823,0.28,0.0,0.11,0.0,0.15,0.04,0.42
1690920917.356823,0.24,0.0,0.11,0.0,0.38,0.12,0.15
1690920917.658826,0.13,0.0,0.09,0.0,0.4,0.11,0.26
1690920917.974829,0.36,0.0,0.13,0.0,0.2,0.16,0.15
1690920918.293831,0.3,0.0,0.13,0.0,0.18,0.24,0.14
1690920918.591833,0.29,0.0,0.1,0.0,0.24,0.16,0.21
1690920918.887837,0.36,0.0,0.11,0.0,0.26,0.1,0.16
1690920919.20384,0.1,0.0,0.09,0.0,0.24,0.05,0.52
1690920919.491837,0.25,0.01,0.12,0.0,0.28,0.14,0.21
1690920919.797839,0.23,0.0,0.09,0.0,0.31,0.08,0.28
1690920920.10284,0.2,0.0,0.14,0.0,0.42,0.05,0.19
1690920920.410369,0.3,0.0,0.12,0.0,0.29,0.07,0.21
1690920920.711373,0.15,0.0,0.16,0.0,0.39,0.06,0.23
1690920921.010375,0.19,0.0,0.12,0.0,0.2,0.09,0.39
1690920921.288375,0.15,0.0,0.15,0.0,0.21,0.11,0.37
1690920921.583377,0.1,0.0,0.14,0.0,0.24,0.04,0.47
1690920921.858381,0.27,0.0,0.11,0.0,0.18,0.1,0.34
1690920922.15138,0.3,0.0,0.14,0.0,0.2,0.12,0.25
1690920922.433384,0.18,0.0,0.09,0.0,0.21,0.03,0.48
1690920922.72339,0.16,0.0,0.08,0.0,0.11,0.02,0.62
1690920922.997391,0.2,0.0,0.07,0.01,0.18,0.01,0.54
1690920923.270388,0.24,0.0,0.06,0.0,0.12,0.01,0.57
1690920923.568394,0.29,0.0,0.15,0.0,0.2,0.04,0.31
1690920923.850392,0.31,0.0,0.1,0.0,0.21,0.02,0.36
1690920924.135398,0.15,0.0,0.08,0.01,0.15,0.06,0.55
1690920924.394397,0.12,0.0,0.05,0.01,0.19,0.01,0.62
1690920924.6664,0.14,0.0,0.07,0.01,0.2,0.03,0.55
1690920924.931403,0.11,0.0,0.12,0.01,0.19,0.04,0.53
1690920925.198403,0.17,0.0,0.12,0.0,0.43,0.05,0.22
1690920925.473405,0.21,0.0,0.1,0.0,0.22,0.07,0.39
1690920925.73541,0.13,0.0,0.16,0.0,0.19,0.1,0.42
1690920926.005409,0.28,0.0,0.09,0.0,0.35,0.11,0.16
1690920926.265413,0.15,0.0,0.22,0.0,0.24,0.18,0.21
1690920926.548415,0.19,0.0,0.19,0.01,0.19,0.11,0.31
1690920926.807414,0.26,0.0,0.18,0.01,0.23,0.05,0.28
1690920927.088415,0.16,0.0,0.15,0.01,0.19,0.13,0.37
1690920927.354418,0.2,0.0,0.14,0.0,0.21,0.14,0.31
1690920927.632418,0.14,0.0,0.16,0.0,0.2,0.05,0.44
1690920927.894422,0.18,0.0,0.11,0.0,0.24,0.07,0.41
1690920928.162423,0.18,0.0,0.13,0.0,0.17,0.12,0.39
1690920928.411425,0.26,0.0,0.15,0.0,0.26,0.07,0.27
1690920928.676428,0.2,0.0,0.14,0.0,0.19,0.15,0.31
1690920928.949428,0.33,0.0,0.08,0.0,0.14,0.16,0.29
1690920929.221428,0.21,0.0,0.11,0.0,0.18,0.16,0.34
1690920929.491433,0.15,0.0,0.12,0.0,0.24,0.04,0.45
1690920929.762436,0.15,0.0,0.09,0.0,0.27,0.04,0.45
1690920930.028436,0.16,0.0,0.08,0.01,0.27,0.05,0.43
1690920930.287437,0.09,0.0,0.06,0.0,0.17,0.04,0.64
1690920930.553438,0.1,0.0,0.08,0.0,0.17,0.02,0.63
1690920930.817439,0.09,0.0,0.11,0.0,0.19,0.05,0.56
1690920931.083443,0.08,0.0,0.07,0.01,0.19,0.04,0.61
1690920931.349442,0.1,0.0,0.1,0.0,0.18,0.07,0.54
1690920931.599444,0.1,0.0,0.07,0.0,0.15,0.01,0.66
1690920931.851445,0.09,0.0,0.08,0.0,0.23,0.01,0.59
1690920932.117967,0.21,0.0,0.08,0.0,0.3,0.03,0.37
1690920932.368965,0.2,0.0,0.08,0.0,0.29,0.04,0.39
1690920932.641967,0.27,0.0,0.09,0.0,0.23,0.03,0.38
1690920932.890971,0.26,0.0,0.06,0.01,0.2,0.01,0.46
1690920933.212971,0.27,0.0,0.06,0.0,0.25,0.03,0.38
1690920933.485976,0.37,0.0,0.07,0.01,0.22,0.09,0.24
1690920933.735974,0.34,0.0,0.09,0.0,0.21,0.15,0.21
1690920933.999977,0.27,0.0,0.08,0.0,0.21,0.13,0.3
1690920934.255978,0.43,0.0,0.1,0.0,0.17,0.19,0.11
1690920934.507978,0.23,0.01,0.18,0.0,0.15,0.11,0.32
1690920934.75798,0.34,0.0,0.09,0.0,0.27,0.07,0.22
1690920934.988981,0.12,0.01,0.21,0.0,0.21,0.19,0.26
1690920935.233984,0.29,0.0,0.07,0.0,0.27,0.1,0.27
1690920935.468986,0.41,0.01,0.08,0.0,0.3,0.05,0.16
1690920935.720986,0.28,0.0,0.09,0.0,0.32,0.01,0.3
1690920935.962988,0.4,0.0,0.08,0.0,0.29,0.06,0.17
1690920936.209989,0.36,0.0,0.08,0.0,0.26,0.06,0.24
1690920936.452989,0.18,0.0,0.08,0.0,0.2,0.07,0.46
1690920936.69899,0.1,0.0,0.09,0.0,0.23,0.05,0.53
1690920936.948994,0.13,0.0,0.1,0.0,0.19,0.11,0.48
1690920937.197995,0.27,0.0,0.07,0.0,0.25,0.07,0.34
1690920937.436998,0.32,0.0,0.09,0.0,0.21,0.07,0.31
1690920937.676,0.28,0.0,0.12,0.0,0.18,0.08,0.34
1690920937.916,0.13,0.0,0.14,0.0,0.21,0.05,0.48
1690920938.16,0.28,0.0,0.12,0.0,0.2,0.12,0.28
1690920938.402003,0.26,0.01,0.1,0.0,0.17,0.12,0.35
1690920938.645004,0.11,0.0,0.08,0.0,0.15,0.13,0.54
1690920938.886003,0.19,0.0,0.09,0.0,0.2,0.03,0.49
1690920939.158007,0.13,0.0,0.1,0.0,0.19,0.03,0.54
1690920939.414007,0.19,0.0,0.11,0.0,0.28,0.02,0.4
1690920939.67801,0.18,0.0,0.12,0.0,0.19,0.03,0.48
1690920939.964013,0.19,0.0,0.08,0.0,0.41,0.04,0.26
1690920940.212014,0.24,0.0,0.1,0.0,0.3,0.12,0.23
1690920940.464013,0.22,0.0,0.06,0.0,0.46,0.04,0.21
1690920940.708018,0.26,0.0,0.07,0.01,0.38,0.06,0.22
1690920940.956017,0.27,0.0,0.13,0.0,0.38,0.09,0.12
1690920941.203019,0.21,0.0,0.15,0.0,0.42,0.05,0.17
1690920941.455019,0.12,0.0,0.13,0.0,0.44,0.08,0.23
1690920941.692024,0.19,0.0,0.09,0.0,0.44,0.07,0.2
1690920941.938023,0.23,0.0,0.08,0.01,0.39,0.18,0.1
1690920942.184025,0.19,0.0,0.09,0.0,0.4,0.11,0.21
1690920942.439026,0.25,0.0,0.09,0.01,0.38,0.09,0.18
1690920942.68603,0.15,0.0,0.08,0.01,0.38,0.11,0.28
1690920942.91803,0.19,0.0,0.1,0.01,0.4,0.12,0.18
1690920943.15303,0.21,0.0,0.07,0.01,0.43,0.04,0.24
1690920943.39803,0.16,0.0,0.11,0.01,0.54,0.04,0.13
1690920943.639033,0.11,0.0,0.03,0.04,0.47,0.11,0.23
1690920943.889034,0.11,0.0,0.04,0.03,0.5,0.09,0.23
1690920944.125036,0.16,0.0,0.04,0.02,0.25,0.06,0.47
1690920944.359037,0.26,0.0,0.11,0.0,0.4,0.05,0.17
1690920944.598038,0.12,0.0,0.05,0.02,0.23,0.08,0.49
1690920944.839039,0.13,0.0,0.06,0.02,0.31,0.09,0.39
1690920945.080045,0.12,0.0,0.16,0.01,0.41,0.04,0.27
1690920945.326044,0.28,0.0,0.09,0.0,0.38,0.02,0.23
1690920945.557046,0.27,0.0,0.09,0.01,0.36,0.02,0.25
1690920945.796049,0.23,0.0,0.09,0.0,0.49,0.06,0.13
1690920946.030047,0.17,0.0,0.08,0.03,0.45,0.04,0.23
1690920946.263068,0.2,0.0,0.07,0.03,0.43,0.04,0.24
1690920946.511052,0.23,0.0,0.05,0.01,0.49,0.01,0.22
1690920946.751052,0.17,0.0,0.12,0.01,0.38,0.03,0.29
1690920946.991058,0.15,0.0,0.04,0.01,0.48,0.01,0.31
1690920947.237056,0.25,0.0,0.09,0.01,0.3,0.04,0.3
1690920947.477058,0.22,0.0,0.17,0.0,0.31,0.09,0.21
1690920947.72206,0.34,0.0,0.12,0.0,0.31,0.04,0.19
1690920947.972059,0.27,0.0,0.12,0.04,0.32,0.06,0.2
1690920948.20306,0.05,0.0,0.06,0.14,0.33,0.05,0.36
1690920948.445064,0.16,0.0,0.1,0.06,0.32,0.07,0.29
1690920948.678065,0.08,0.0,0.08,0.03,0.43,0.07,0.31
1690920948.937065,0.15,0.0,0.08,0.05,0.24,0.06,0.42
1690920949.172067,0.03,0.0,0.03,0.16,0.22,0.06,0.5
1690920949.426067,0.11,0.0,0.06,0.05,0.36,0.03,0.39
1690920949.66007,0.05,0.0,0.05,0.07,0.23,0.04,0.56
1690920949.892072,0.16,0.0,0.16,0.02,0.14,0.14,0.38
1690920950.144072,0.11,0.0,0.08,0.01,0.16,0.04,0.59
1690920950.379075,0.14,0.0,0.12,0.01,0.09,0.23,0.41
1690920950.606595,0.08,0.0,0.1,0.01,0.2,0.03,0.58
1690920950.842596,0.1,0.0,0.13,0.01,0.17,0.04,0.56
1690920951.078596,0.1,0.0,0.21,0.0,0.27,0.11,0.31
1690920951.308598,0.13,0.0,0.22,0.0,0.24,0.08,0.34
1690920951.541602,0.08,0.0,0.11,0.0,0.21,0.03,0.57
1690920951.764601,0.02,0.0,0.12,0.0,0.29,0.01,0.55
1690920951.9936,0.09,0.0,0.12,0.0,0.15,0.23,0.41
1690920952.224604,0.02,0.0,0.26,0.01,0.16,0.08,0.48
1690920952.463604,0.04,0.0,0.12,0.0,0.21,0.02,0.61
1690920952.675605,0.05,0.0,0.15,0.0,0.2,0.07,0.52
1690920952.902609,0.04,0.0,0.15,0.0,0.1,0.21,0.5
1690920953.120608,0.03,0.0,0.09,0.0,0.14,0.01,0.73
1690920953.339611,0.11,0.0,0.05,0.0,0.09,0.03,0.72
1690920953.56361,0.08,0.0,0.07,0.01,0.18,0.02,0.65
1690920953.819613,0.08,0.0,0.05,0.0,0.2,0.02,0.64
1690920954.078612,0.07,0.0,0.07,0.01,0.22,0.03,0.59
1690920954.378283,0.1,0.0,0.06,0.01,0.3,0.03,0.49
1690920954.823571,0.1,0.0,0.1,0.01,0.11,0.03,0.65
1690920955.109573,0.08,0.0,0.1,0.0,0.07,0.03,0.72
1690920955.325572,0.1,0.0,0.06,0.0,0.15,0.02,0.67
1690920955.532575,0.13,0.0,0.07,0.0,0.13,0.02,0.64
1690920955.735577,0.14,0.0,0.17,0.0,0.19,0.04,0.45
1690920955.93259,0.13,0.0,0.31,0.0,0.13,0.04,0.39
1690920956.143143,0.12,0.01,0.08,0.02,0.23,0.05,0.51
1690920956.356147,0.16,0.01,0.11,0.0,0.35,0.02,0.35
1690920956.574146,0.22,0.0,0.09,0.0,0.15,0.04,0.5
1690920956.80015,0.15,0.01,0.1,0.0,0.18,0.04,0.51
1690920956.998149,0.14,0.0,0.1,0.0,0.14,0.08,0.54
1690920957.20815,0.15,0.0,0.12,0.02,0.18,0.11,0.42
1690920957.420154,0.1,0.0,0.09,0.02,0.19,0.06,0.55
1690920957.662154,0.08,0.0,0.07,0.01,0.26,0.02,0.56
1690920957.885155,0.13,0.0,0.12,0.0,0.18,0.07,0.49
1690920958.091158,0.17,0.0,0.08,0.0,0.1,0.08,0.56
1690920958.287679,0.1,0.0,0.1,0.0,0.2,0.04,0.56
1690920958.51068,0.1,0.0,0.08,0.0,0.11,0.06,0.64
1690920958.730684,0.07,0.0,0.04,0.0,0.13,0.01,0.74
1690920958.954696,0.07,0.01,0.06,0.01,0.19,0.02,0.63
1690920959.174684,0.1,0.0,0.07,0.01,0.18,0.04,0.6
1690920959.374684,0.11,0.0,0.16,0.0,0.21,0.02,0.49
